,TRM,location,cycleTime,residue.cumsum
1,60125,Whitecourt,1.486128889,8.784454559
2,59125,Whitecourt,1.496479258,158.3011628
3,61125,Whitecourt,1.553344917,1246.875253
4,60135,Whitecourt,1.6352705,2242.831889
5,62125,Whitecourt,1.849128806,12350.91473
6,59105,Whitecourt,1.9360285,12808.39493
7,59135,Whitecourt,1.958621556,12839.57919
8,58135,Whitecourt,1.959904806,12843.54839
9,61155,Whitecourt,1.978729778,13051.12845
10,62115,Whitecourt,2.034025778,16385.751
11,58105,Whitecourt,2.081724306,16836.16
12,63115,Whitecourt,2.136474111,18086.88631
13,61135,Whitecourt,2.179602333,18155.17237
14,61115,Whitecourt,2.187650278,24621.88409
15,62155,Whitecourt,2.206699556,33707.89868
16,58115,Whitecourt,2.223371389,34466.20225
17,58095,Whitecourt,2.242023111,34468.39293
18,58125,Whitecourt,2.278108111,34540.72611
19,63125,Whitecourt,2.281523389,34577.72381
20,58145,Whitecourt,2.310796139,43725.28715
21,57105,Whitecourt,2.385917556,43743.11037
22,60105,Whitecourt,2.39932725,44199.09725
23,61165,Whitecourt,2.462297889,44223.86467
24,63105,Whitecourt,2.475318861,54017.87074
25,62165,Whitecourt,2.479838083,67332.06081
26,57145,Whitecourt,2.483076389,70546.89971
27,64105,Whitecourt,2.492718111,74516.29741
28,55145,Whitecourt,2.622297667,75080.92494
29,61175,Whitecourt,2.629736083,75144.59374
30,64115,Whitecourt,2.643669444,76001.93838
31,61105,Whitecourt,2.652484861,76822.78678
32,61145,Whitecourt,2.653203389,76849.20857
33,59095,Whitecourt,2.666507944,77153.78214
34,58075,Whitecourt,2.690035,77164.28274
35,59145,Whitecourt,2.707726111,80757.22475
36,57115,Whitecourt,2.7692015,81051.68757
37,59155,Whitecourt,2.776186778,83938.64368
38,64125,Whitecourt,2.789967222,83957.88185
39,62145,Whitecourt,2.8125385,84059.16063
40,60095,Whitecourt,2.834041972,84141.36673
41,61185,Whitecourt,2.853523556,89111.37055
42,56105,Whitecourt,2.871513333,89127.94047
43,63165,Whitecourt,2.897045361,92255.13282
44,66105,Whitecourt,2.902217222,93672.14147
45,62105,Whitecourt,2.922145333,93674.0941
46,65105,Whitecourt,2.927547222,93758.60776
47,56115,Whitecourt,2.929168111,94404.88721
48,62185,Whitecourt,2.9324085,94588.3456
49,56155,Whitecourt,2.976147722,97161.74902
50,55155,Whitecourt,2.984143333,97186.61666
51,62175,Whitecourt,2.988306778,97506.62831
52,62195,Whitecourt,2.991471556,99007.51846
53,56095,Whitecourt,3.012624806,99066.27458
54,65095,Whitecourt,3.03304975,103663.8302
55,61095,Whitecourt,3.046495611,104204.7719
56,56075,Whitecourt,3.071894444,104320.0026
57,61085,Whitecourt,3.089052778,104395.355
58,53145,Whitecourt,3.110898056,104583.1762
59,63155,Whitecourt,3.135098,105044.3583
60,60185,Whitecourt,3.138955306,105308.0625
61,54085,Whitecourt,3.152158611,105315.5898
62,54155,Whitecourt,3.158511111,105317.8884
63,60165,Whitecourt,3.183445417,105492.3288
64,59065,Whitecourt,3.201191306,105511.4844
65,59085,Whitecourt,3.2072305,105780.6452
66,58155,Whitecourt,3.208514889,114674.0282
67,66095,Whitecourt,3.208929833,115062.0489
68,67095,Whitecourt,3.226449639,115538.7047
69,62205,Whitecourt,3.232843667,119373.9998
70,59165,Whitecourt,3.251012833,119383.1356
71,57155,Whitecourt,3.307229667,123592.7962
72,56135,Whitecourt,3.310284583,124816.0883
73,56055,Whitecourt,3.330453889,124832.3786
74,59055,Whitecourt,3.336972222,124847.1858
75,53155,Whitecourt,3.365430806,124854.7427
76,66115,Whitecourt,3.367674778,131229.6636
77,53085,Whitecourt,3.390534667,131252.4798
78,54075,Whitecourt,3.413796278,131629.6714
79,55125,Whitecourt,3.421851444,131633.4088
80,65115,Whitecourt,3.436535528,131720.3617
81,64095,Whitecourt,3.441347222,131733.8871
82,56125,Whitecourt,3.444879333,131839.0987
83,58055,Whitecourt,3.452019361,131841.2039
84,55065,Whitecourt,3.469470528,131874.1238
85,61195,Whitecourt,3.474280278,137362.4325
86,62075,Whitecourt,3.475360278,137374.5462
87,54165,Whitecourt,3.516977806,137402.8784
88,66125,Whitecourt,3.518104778,145280.6162
89,64085,Whitecourt,3.520417722,145282.5109
90,63095,Whitecourt,3.525211556,145472.0135
91,54115,Whitecourt,3.528031056,145476.1309
92,55095,Whitecourt,3.528972111,145568.0948
93,56165,Whitecourt,3.530725222,146567.1742
94,59185,Whitecourt,3.539313444,153901.3728
95,67105,Whitecourt,3.560681306,155798.5879
96,53075,Whitecourt,3.560711611,155810.5127
97,55165,Whitecourt,3.5649695,156246.3218
98,55045,Whitecourt,3.565613222,156451.4844
99,59075,Whitecourt,3.572305861,156667.9402
100,63195,Whitecourt,3.575990917,156673.0687
101,52145,Whitecourt,3.605653472,156954.6806
102,68095,Whitecourt,3.618278611,160319.6783
103,54125,Whitecourt,3.621172944,160513.3598
104,63175,Whitecourt,3.646072333,162075.5166
105,62085,Whitecourt,3.690150583,166301.364
106,62065,Whitecourt,3.692328667,166584.5697
107,55055,Whitecourt,3.692467944,166598.8198
108,60175,Whitecourt,3.710896556,166828.9416
109,58165,Whitecourt,3.731725056,166900.9237
110,53175,Whitecourt,3.733644778,166904.9618
111,53115,Whitecourt,3.7606815,166916.7544
112,59195,Whitecourt,3.7685765,167775.5915
113,60055,Whitecourt,3.773269083,167801.0281
114,54105,Whitecourt,3.773573889,167919.3427
115,62095,Whitecourt,3.774130972,175846.1383
116,60195,Whitecourt,3.786201278,184075.4185
117,55035,Whitecourt,3.788130833,184087.6535
118,52135,Whitecourt,3.796566778,185607.0472
119,53105,Whitecourt,3.806065278,185710.0205
120,65085,Whitecourt,3.807210222,187789.6226
121,52155,Whitecourt,3.821077778,188182.8409
122,53065,Whitecourt,3.828690111,188333.0903
123,60065,Whitecourt,3.836120111,188375.3463
124,55105,Whitecourt,3.8559725,188381.0409
125,54045,Whitecourt,3.862537528,188394.6869
126,65155,Whitecourt,3.863137528,188396.4369
127,63075,Whitecourt,3.867078667,188441.1232
128,65215,Whitecourt,3.869396278,188467.5636
129,54065,Whitecourt,3.878160278,188555.4354
130,69095,Whitecourt,3.893869528,189354.5833
131,66085,Whitecourt,3.911575222,189537.1669
132,56045,Whitecourt,3.912937722,189554.1545
133,67115,Whitecourt,3.916924444,193212.0288
134,62215,Whitecourt,3.957659972,193848.0817
135,61205,Whitecourt,3.961327556,194058.8794
136,54175,Whitecourt,3.990355278,194078.5156
137,53055,Whitecourt,3.997488472,194080.6938
138,61055,Whitecourt,4.013117167,194087.6153
139,51145,Whitecourt,4.019648889,194429.4419
140,60085,Whitecourt,4.022285639,194431.9158
141,58035,Whitecourt,4.022809389,194441.5716
142,59205,Whitecourt,4.041844667,202022.1522
143,61215,Whitecourt,4.055677833,202035.8782
144,60045,Whitecourt,4.090120556,202051.8939
145,62055,Whitecourt,4.091161306,202055.1112
146,64075,Whitecourt,4.099109083,202536.9423
147,70095,Whitecourt,4.102388111,203272.1202
148,61065,Whitecourt,4.129658556,203491.3202
149,51075,Whitecourt,4.144405,203535.4802
150,61225,Whitecourt,4.1634525,207768.0951
151,53045,Whitecourt,4.185138444,207830.3853
152,57045,Whitecourt,4.186965389,208036.0135
153,61075,Whitecourt,4.1975595,208038.048
154,57035,Whitecourt,4.226469278,208163.1076
155,51155,Whitecourt,4.232128639,209246.039
156,63085,Whitecourt,4.283979667,209265.1486
157,63055,Whitecourt,4.290159028,211262.0607
158,59175,Whitecourt,4.294258944,211570.7515
159,52105,Whitecourt,4.296842056,211619.4236
160,64175,Whitecourt,4.308451222,214131.926
161,71095,Whitecourt,4.319971861,218239.2931
162,61035,Whitecourt,4.320642,218243.9984
163,51135,Whitecourt,4.322764861,224371.6493
164,52185,Whitecourt,4.322887222,227976.8488
165,67125,Whitecourt,4.332672556,227978.9324
166,53035,Whitecourt,4.335681528,227998.851
167,59215,Whitecourt,4.346272028,237397.4745
168,66225,Whitecourt,4.3606255,237414.143
169,53195,Whitecourt,4.361916111,238398.2616
170,53025,Whitecourt,4.368184111,238406.9226
171,63065,Whitecourt,4.384917111,238738.0678
172,55015,Whitecourt,4.387244,238775.3172
173,58185,Whitecourt,4.393811944,240274.224
174,50155,Whitecourt,4.39601225,240276.0091
175,54015,Whitecourt,4.397227861,240278.8974
176,60075,Whitecourt,4.4217095,240729.7646
177,58025,Whitecourt,4.432758583,240840.6043
178,67215,Whitecourt,4.459380472,241101.8703
179,52055,Whitecourt,4.460246833,241583.627
180,49075,Whitecourt,4.4829375,241593.0671
181,57025,Whitecourt,4.506311389,241721.0375
182,60225,Whitecourt,4.509532028,244852.696
183,69085,Whitecourt,4.517044889,246669.5467
184,51065,Whitecourt,4.522726639,246728.5587
185,68085,Whitecourt,4.530289167,251554.3032
186,52125,Whitecourt,4.532656611,251783.7022
187,66145,Whitecourt,4.534359472,252080.0842
188,54185,Whitecourt,4.535393722,263754.9359
189,68105,Whitecourt,4.548083194,280222.6289
190,58195,Whitecourt,4.573167667,280635.8315
191,59225,Whitecourt,4.582054556,285254.7093
192,58215,Whitecourt,4.5832225,292510.0887
193,65205,Whitecourt,4.587097778,292521.3625
194,52115,Whitecourt,4.600919694,293547.4135
195,56025,Whitecourt,4.613804556,293689.6602
196,62035,Whitecourt,4.615438306,293691.1932
197,54274,Whitecourt,4.617431972,293712.5926
198,72095,Whitecourt,4.624038333,293718.1645
199,55175,Whitecourt,4.628476278,293944.1907
200,55185,Whitecourt,4.647233611,294775.3997
201,51105,Whitecourt,4.655274833,294931.9819
202,63185,Whitecourt,4.66093875,294952.7942
203,52175,Whitecourt,4.672674722,298288.4821
204,50065,Whitecourt,4.681539639,298298.349
205,58015,Whitecourt,4.693849083,298318.0508
206,51195,Whitecourt,4.694508167,300058.0481
207,50085,Whitecourt,4.695487861,300068.0574
208,49155,Whitecourt,4.701405389,300150.9599
209,61045,Whitecourt,4.7037655,300152.863
210,73105,Whitecourt,4.716477556,300216.3686
211,55274,Whitecourt,4.733648833,300276.183
212,60205,Whitecourt,4.763940944,300938.9308
213,56015,Whitecourt,4.769946778,301051.0287
214,62225,Whitecourt,4.771270278,301053.0021
215,52015,Whitecourt,4.782182222,301093.6793
216,52195,Whitecourt,4.814701167,301876.1832
217,53205,Whitecourt,4.819091667,301899.3094
218,57015,Whitecourt,4.821775778,301928.2499
219,70085,Whitecourt,4.841892833,317547.7241
220,60215,Whitecourt,4.8569895,317607.5181
221,50145,Whitecourt,4.8612845,317677.2526
222,58205,Whitecourt,4.886047611,318074.353
223,72105,Whitecourt,4.894044944,318332.4763
224,53215,Whitecourt,4.906239167,318415.496
225,48075,Whitecourt,4.922597361,318417.8025
226,49065,Whitecourt,4.929626556,318423.4061
227,73085,Whitecourt,4.945586611,320374.0003
228,69215,Whitecourt,4.981445889,320377.4834
229,64055,Whitecourt,5.021409056,321747.4021
230,69105,Whitecourt,5.024296056,322308.6409
231,64065,Whitecourt,5.052096528,322402.4254
232,71085,Whitecourt,5.063036333,322426.11
233,73115,Whitecourt,5.084998111,323056.6738
234,60254,Whitecourt,5.101980194,323104.6042
235,57195,Whitecourt,5.108564167,323946.9028
236,67235,Whitecourt,5.128836417,323976.5835
237,70235,Whitecourt,5.132469611,324072.9893
238,55195,Whitecourt,5.136151472,325832.7508
239,50205,Whitecourt,5.148984889,326057.3335
240,60235,Whitecourt,5.164015528,326120.4126
241,49105,Whitecourt,5.171126722,326205.2556
242,51035,Whitecourt,5.182665333,326689.0623
243,56195,Whitecourt,5.199313444,326762.2257
244,73075,Whitecourt,5.221472028,329850.4356
245,71225,Whitecourt,5.230735028,329854.7227
246,50095,Whitecourt,5.240571361,329874.7044
247,51115,Whitecourt,5.287020444,330213.4128
248,71215,Whitecourt,5.291480889,330228.2552
249,65235,Whitecourt,5.294485611,330230.3923
250,54195,Whitecourt,5.297474944,331051.1673
251,62264,Whitecourt,5.300674083,331272.3046
252,70105,Whitecourt,5.302563222,331753.9484
253,73125,Whitecourt,5.327832111,332067.211
254,51205,Whitecourt,5.352523889,333847.4445
255,49145,Whitecourt,5.3735535,333878.627
256,59245,Whitecourt,5.379285222,338825.0978
257,67145,Whitecourt,5.395651556,342223.3033
258,49215,Whitecourt,5.396742472,342456.6728
259,47075,Whitecourt,5.424702944,342579.1518
260,69205,Whitecourt,5.431218917,342581.4685
261,61235,Whitecourt,5.436825167,343101.8668
262,65175,Whitecourt,5.441359556,343105.9269
263,60244,Whitecourt,5.448124889,343114.2616
264,50165,Whitecourt,5.449326222,343124.7377
265,53225,Whitecourt,5.450972556,343710.3238
266,48055,Whitecourt,5.468508167,343714.2878
267,52235,Whitecourt,5.477315889,344227.9207
268,48145,Whitecourt,5.481785194,344420.2269
269,50045,Whitecourt,5.483898306,344427.0471
270,72215,Whitecourt,5.488021222,344440.5965
271,57185,Whitecourt,5.49088025,344541.4681
272,72225,Whitecourt,5.491388167,344687.3162
273,64245,Whitecourt,5.508151389,344926.5432
274,49115,Whitecourt,5.509408167,345164.0561
275,50035,Whitecourt,5.518039944,345254.8657
276,48105,Whitecourt,5.5278635,345304.3182
277,55205,Whitecourt,5.5333495,345607.9987
278,54205,Whitecourt,5.545032833,350143.3207
279,52205,Whitecourt,5.558209,350441.0541
280,51165,Whitecourt,5.567120111,350790.2595
281,50025,Whitecourt,5.582822,350854.8441
282,50215,Whitecourt,5.591508083,351021.9745
283,64255,Whitecourt,5.608159139,351119.4873
284,50135,Whitecourt,5.625544639,351126.5566
285,51125,Whitecourt,5.651733222,353479.1741
286,71205,Whitecourt,5.665361694,353482.5615
287,74105,Whitecourt,5.670827111,353566.5714
288,49205,Whitecourt,5.67281475,358192.7549
289,54215,Whitecourt,5.675921556,358251.6118
290,73135,Whitecourt,5.67633225,358275.0506
291,64035,Whitecourt,5.678642722,358291.7944
292,46075,Whitecourt,5.680090944,358299.5179
293,47105,Whitecourt,5.684404333,358301.3167
294,48135,Whitecourt,5.693384222,358717.8486
295,47095,Whitecourt,5.695761778,358919.9051
296,62244,Whitecourt,5.701246111,358923.2708
297,65055,Whitecourt,5.707211722,370173.4824
298,73215,Whitecourt,5.710903778,370193.1035
299,68205,Whitecourt,5.712178944,370418.0001
300,50195,Whitecourt,5.713980444,370422.5579
301,51185,Whitecourt,5.714455389,391006.0849
302,62235,Whitecourt,5.722099556,392549.5666
303,72055,Whitecourt,5.723703667,394594.8327
304,70255,Whitecourt,5.730084056,398543.8793
305,52225,Whitecourt,5.732699806,400082.8823
306,69195,Whitecourt,5.742142389,400093.3327
307,60234,Whitecourt,5.748592222,400200.6377
308,53235,Whitecourt,5.768024333,400441.8381
309,52245,Whitecourt,5.770886722,401531.0231
310,47085,Whitecourt,5.782626583,401537.4073
311,63025,Whitecourt,5.8151725,402373.7985
312,56205,Whitecourt,5.816800694,402451.612
313,60245,Whitecourt,5.818143778,402463.0695
314,64235,Whitecourt,5.827644278,402483.0887
315,48215,Whitecourt,5.846880111,403663.155
316,50125,Whitecourt,5.847991556,404121.984
317,74145,Whitecourt,5.869008667,404703.005
318,58255,Whitecourt,5.874437389,404891.2049
319,74215,Whitecourt,5.887133,404922.354
320,72065,Whitecourt,5.8904495,411672.3023
321,65255,Whitecourt,5.909833472,411678.9854
322,45075,Whitecourt,5.912142861,411681.3086
323,57205,Whitecourt,5.915222667,411717.6894
324,72085,Whitecourt,5.916960333,411750.2637
325,64264,Whitecourt,5.923555278,411752.0909
326,73225,Whitecourt,5.924151139,412899.0143
327,72045,Whitecourt,5.927080944,413027.378
328,71195,Whitecourt,5.931509444,413034.8302
329,48205,Whitecourt,5.931745556,413573.677
330,73055,Whitecourt,5.945059,413642.4104
331,74155,Whitecourt,5.950692222,413788.1573
332,58245,Whitecourt,5.960434417,414108.2618
333,62234,Whitecourt,5.961779806,414114.4563
334,51255,Whitecourt,5.973613444,415246.7869
335,70115,Whitecourt,5.9848595,415252.1982
336,55215,Whitecourt,5.988376667,415507.4928
337,72205,Whitecourt,5.989132722,416617.0017
338,51215,Whitecourt,5.992239639,416815.4954
339,73205,Whitecourt,6.002507333,416858.1148
340,71265,Whitecourt,6.003618806,417247.1618
341,48115,Whitecourt,6.008703083,417248.8553
342,58265,Whitecourt,6.035351139,443667.5863
343,65065,Whitecourt,6.060933778,443769.3243
344,47115,Whitecourt,6.071926722,443788.8734
345,74125,Whitecourt,6.078568361,443801.0384
346,47035,Whitecourt,6.080822528,443967.8021
347,54225,Whitecourt,6.085509,444489.3283
348,70265,Whitecourt,6.091522889,444500.6807
349,47145,Whitecourt,6.106326222,444783.3119
350,53245,Whitecourt,6.117763611,446297.0487
351,61234,Whitecourt,6.135138778,446311.7193
352,50255,Whitecourt,6.141045389,446417.6534
353,58224,Whitecourt,6.1556075,446419.2024
354,46115,Whitecourt,6.157924833,447672.9534
355,46035,Whitecourt,6.16521025,447694.9423
356,57215,Whitecourt,6.174718611,447995.4395
357,47135,Whitecourt,6.183129056,450526.2374
358,73145,Whitecourt,6.199555528,450534.2474
359,72195,Whitecourt,6.201260833,450547.6302
360,64265,Whitecourt,6.205807667,450784.4743
361,50265,Whitecourt,6.210542194,450827.9093
362,49125,Whitecourt,6.221300417,462487.1917
363,47215,Whitecourt,6.222591833,462489.8612
364,63254,Whitecourt,6.227220139,462500.3115
365,51245,Whitecourt,6.234955667,464863.9817
366,75065,Whitecourt,6.245704722,465284.8511
367,71115,Whitecourt,6.245935194,465355.2423
368,50235,Whitecourt,6.2466545,465443.6258
369,48165,Whitecourt,6.258718222,467184.1176
370,50225,Whitecourt,6.260230917,467217.6264
371,72235,Whitecourt,6.267088861,467371.9293
372,72125,Whitecourt,6.272304083,467390.7556
373,63244,Whitecourt,6.285737556,467403.1285
374,48195,Whitecourt,6.307464083,467484.1371
375,52215,Whitecourt,6.318595778,467528.9178
376,51265,Whitecourt,6.321737778,468315.4
377,66045,Whitecourt,6.328415222,468326.0193
378,48125,Whitecourt,6.328921333,471634.6479
379,64234,Whitecourt,6.333012444,471672.9096
380,62224,Whitecourt,6.337143278,471684.3324
381,57255,Whitecourt,6.356534889,471887.9725
382,73155,Whitecourt,6.369076083,480352.5245
383,58235,Whitecourt,6.373853417,480365.5593
384,49135,Whitecourt,6.382383056,480636.239
385,63245,Whitecourt,6.382574222,480795.7064
386,50245,Whitecourt,6.386092694,481047.459
387,69255,Whitecourt,6.386556889,481128.7468
388,58275,Whitecourt,6.387248444,481132.0992
389,47225,Whitecourt,6.387940611,481134.718
390,66075,Whitecourt,6.410959694,481184.4444
391,63224,Whitecourt,6.415996028,481194.5222
392,43065,Whitecourt,6.437029444,481196.3438
393,63255,Whitecourt,6.441906611,481200.7
394,64025,Whitecourt,6.442366889,481204.2604
395,46025,Whitecourt,6.448941583,481206.5929
396,57225,Whitecourt,6.457345528,481715.1792
397,66015,Whitecourt,6.458910833,481719.1904
398,45035,Whitecourt,6.460065472,481826.5017
399,44065,Whitecourt,6.461833556,481899.4486
400,68245,Whitecourt,6.462511083,481903.3547
401,72135,Whitecourt,6.468462694,484118.418
402,53255,Whitecourt,6.496543889,484340.8087
403,71025,Whitecourt,6.502920694,484352.6599
404,74195,Whitecourt,6.505054,484525.5777
405,73195,Whitecourt,6.505481694,484590.7493
406,61204,Whitecourt,6.511086306,484592.6667
407,75145,Whitecourt,6.516707444,484954.9287
408,47125,Whitecourt,6.529430944,485851.1126
409,73235,Whitecourt,6.537271611,486303.088
410,65224,Whitecourt,6.537929333,486306.9295
411,76205,Whitecourt,6.538883694,486443.3191
412,65035,Whitecourt,6.543316889,486454.4547
413,46145,Whitecourt,6.547982611,511062.0573
414,44075,Whitecourt,6.551767972,511670.832
415,74185,Whitecourt,6.570545833,512094.123
416,42075,Whitecourt,6.593273889,512258.9091
417,43075,Whitecourt,6.602779722,513129.6172
418,73165,Whitecourt,6.606870278,513236.5769
419,45115,Whitecourt,6.618711389,513257.1775
420,66055,Whitecourt,6.622422778,514156.5314
421,73175,Whitecourt,6.622769444,514179.5443
422,52265,Whitecourt,6.639112222,514198.8303
423,71035,Whitecourt,6.642175,514315.0328
424,69265,Whitecourt,6.655479444,516590.9059
425,54235,Whitecourt,6.666665278,517921.4612
426,64016,Whitecourt,6.670662778,517978.3186
427,65234,Whitecourt,6.671867222,518005.2049
428,49175,Whitecourt,6.684974722,518006.4106
429,70016,Whitecourt,6.693035556,518012.5993
430,72185,Whitecourt,6.6934025,518074.3304
431,46215,Whitecourt,6.702466389,519298.9207
432,72025,Whitecourt,6.716816111,519383.9576
433,75135,Whitecourt,6.721843333,519510.6983
434,65244,Whitecourt,6.733051667,519519.2452
435,73185,Whitecourt,6.736947778,520491.7525
436,42055,Whitecourt,6.746759444,520496.3135
437,72245,Whitecourt,6.753713611,520505.7598
438,46185,Whitecourt,6.757482778,520567.9446
439,62214,Whitecourt,6.761436111,520969.7574
440,57204,Whitecourt,6.765557222,521128.9737
441,47185,Whitecourt,6.769258611,521163.0675
442,75185,Whitecourt,6.7794325,522574.7814
443,41075,Whitecourt,6.787339722,522582.261
444,45025,Whitecourt,6.794939167,522588.1383
445,71026,Whitecourt,6.795742778,522603.5334
446,46135,Whitecourt,6.806348889,526494.0804
447,75175,Whitecourt,6.807952778,526677.4969
448,68145,Whitecourt,6.811539444,529373.0126
449,45045,Whitecourt,6.821105,529479.0631
450,53265,Whitecourt,6.823282222,530153.2622
451,70015,Whitecourt,6.825903889,530161.8849
452,63214,Whitecourt,6.856968333,530167.5444
453,61194,Whitecourt,6.862065556,530229.8646
454,68075,Whitecourt,6.867304167,530310.5042
455,46095,Whitecourt,6.891992778,530525.7048
456,73265,Whitecourt,6.895789444,530533.2516
457,76155,Whitecourt,6.903951111,532092.8056
458,76165,Whitecourt,6.906422778,532825.0402
459,46155,Whitecourt,6.907288333,540264.2023
460,72255,Whitecourt,6.909106389,540272.8597
461,76175,Whitecourt,6.915388333,540290.1162
462,45015,Whitecourt,6.920733889,540692.549
463,72165,Whitecourt,6.924227778,540697.5762
464,45185,Whitecourt,6.936053056,540771.601
465,76195,Whitecourt,6.940572778,540778.3269
466,73035,Whitecourt,6.944488889,542565.6479
467,67274,Whitecourt,6.948585833,542584.4985
468,62245,Whitecourt,6.949013333,542635.1347
469,41065,Whitecourt,6.949985556,542639.8085
470,64214,Whitecourt,6.950522778,542917.879
471,77145,Whitecourt,6.951766111,542923.8312
472,68015,Whitecourt,6.956960556,543364.0142
473,65214,Whitecourt,6.958072778,543465.1415
474,66065,Whitecourt,6.960069722,543566.9755
475,66234,Whitecourt,6.961179722,543570.9916
476,62194,Whitecourt,6.968711111,543576.7069
477,65026,Whitecourt,6.970410556,546300.0043
478,54255,Whitecourt,6.972493333,548348.1907
479,44115,Whitecourt,7.005085556,548768.5701
480,68274,Whitecourt,7.008979722,548770.7446
481,72145,Whitecourt,7.019387778,551907.6657
482,57245,Whitecourt,7.021215,552181.9472
483,75245,Whitecourt,7.026664167,552676.5549
484,51235,Whitecourt,7.056282222,552991.0955
485,66214,Whitecourt,7.0624275,553039.2621
486,41055,Whitecourt,7.063842222,553112.6552
487,54265,Whitecourt,7.066366667,564239.637
488,64204,Whitecourt,7.068019444,564241.4281
489,53285,Whitecourt,7.069575278,564361.772
490,71015,Whitecourt,7.0721775,564398.5381
491,76185,Whitecourt,7.083712778,564638.1654
492,66244,Whitecourt,7.085699722,564784.4773
493,47275,Whitecourt,7.089436111,564791.4365
494,60255,Whitecourt,7.0911475,564902.4018
495,39075,Whitecourt,7.096896111,564988.0222
496,69015,Whitecourt,7.111646111,564992.4827
497,48155,Whitecourt,7.119023056,571815.438
498,79205,Whitecourt,7.1299625,571944.8356
499,47155,Whitecourt,7.130516111,574094.9602
500,45105,Whitecourt,7.133542778,574118.8599
501,71036,Whitecourt,7.139417778,574122.3133
502,56225,Whitecourt,7.142686944,574447.1837
503,43045,Whitecourt,7.151711944,574451.6382
504,62255,Whitecourt,7.169702778,574534.5074
505,43055,Whitecourt,7.171682778,574574.1732
506,71135,Whitecourt,7.176319722,578253.4113
507,56215,Whitecourt,7.186066111,578478.3044
508,64026,Whitecourt,7.188517778,589464.2975
509,74265,Whitecourt,7.19908,589580.735
510,65275,Whitecourt,7.202387778,599085.4419
511,44015,Whitecourt,7.21246,599294.6939
512,57275,Whitecourt,7.213004722,599558.3291
513,74255,Whitecourt,7.2166675,599724.9583
514,53016,Whitecourt,7.222008056,600001.5967
515,53275,Whitecourt,7.231996944,600427.8343
516,66026,Whitecourt,7.238125556,600692.0286
517,71165,Whitecourt,7.246308889,600725.2681
518,71175,Whitecourt,7.247787222,600734.3469
519,67045,Whitecourt,7.268033333,600788.8272
520,44125,Whitecourt,7.269783889,600987.2562
521,45155,Whitecourt,7.273481944,603884.1649
522,77045,Whitecourt,7.27481,605379.4317
523,48175,Whitecourt,7.280687222,608922.2816
524,51275,Whitecourt,7.281230556,608936.653
525,70264,Whitecourt,7.284627778,608938.7311
526,40055,Whitecourt,7.303308333,608941.4227
527,56245,Whitecourt,7.307508333,609121.8246
528,42015,Whitecourt,7.310061667,609128.1989
529,60174,Whitecourt,7.323434444,609133.0205
530,64194,Whitecourt,7.329795,609238.1647
531,55255,Whitecourt,7.336271944,616483.1553
532,43115,Whitecourt,7.338003889,616533.9773
533,45175,Whitecourt,7.359355,617615.4729
534,73255,Whitecourt,7.361546111,617622.6681
535,63016,Whitecourt,7.364420278,617649.5723
536,45145,Whitecourt,7.383995,622021.6907
537,55225,Whitecourt,7.389500556,623940.3919
538,44055,Whitecourt,7.389864167,623949
539,40085,Whitecourt,7.408422222,624086.8958
540,63026,Whitecourt,7.418649444,649128.8625
541,76045,Whitecourt,7.419591389,665231.2616
542,68185,Whitecourt,7.420918889,666263.3281
543,56255,Whitecourt,7.423731111,666278.578
544,69264,Whitecourt,7.463643333,666686.4953
545,46175,Whitecourt,7.4721,669667.7292
546,65194,Whitecourt,7.475885,669713.8228
547,67234,Whitecourt,7.479589444,669725.3866
548,54275,Whitecourt,7.494496944,675774.2936
549,38065,Whitecourt,7.495373333,675775.7885
550,41045,Whitecourt,7.496256667,675777.6647
551,45195,Whitecourt,7.496538889,676002.7695
552,71264,Whitecourt,7.499019167,676049.1679
553,39085,Whitecourt,7.501160556,676553.5984
554,67025,Whitecourt,7.504963889,676658.2917
555,45165,Whitecourt,7.512406667,679406.2917
556,56235,Whitecourt,7.515324444,679429.6291
557,63265,Whitecourt,7.515626111,679437.4226
558,46165,Whitecourt,7.537653333,694503.0514
559,54026,Whitecourt,7.541778333,694559.5734
560,55235,Whitecourt,7.543242222,699589.7331
561,57235,Whitecourt,7.546224167,699660.5094
562,43105,Whitecourt,7.563697222,699719.6304
563,69145,Whitecourt,7.568253333,699736.875
564,77135,Whitecourt,7.579636944,699754.1411
565,68244,Whitecourt,7.584464444,699760.6896
566,61184,Whitecourt,7.588257778,699802.2484
567,65036,Whitecourt,7.589276667,699989.1898
568,44105,Whitecourt,7.60522,700335.1548
569,63275,Whitecourt,7.606001111,700841.7639
570,67026,Whitecourt,7.607717222,701001.2526
571,72015,Whitecourt,7.608636111,701021.5592
572,47165,Whitecourt,7.621649444,702462.0953
573,45135,Whitecourt,7.663310278,702628.2271
574,70065,Whitecourt,7.666356111,703302.2918
575,40095,Whitecourt,7.679156111,703323.7003
576,55265,Whitecourt,7.701698889,717652.919
577,44135,Whitecourt,7.704925556,717924.6001
578,75255,Whitecourt,7.708414444,717928.3477
579,55275,Whitecourt,7.708594167,719259.7918
580,44085,Whitecourt,7.712782222,719416.3815
581,66036,Whitecourt,7.715400556,719557.3911
582,80085,Whitecourt,7.717190556,721960.687
583,78155,Whitecourt,7.717639167,721966.7364
584,78145,Whitecourt,7.720095556,721978.8934
585,42105,Whitecourt,7.722821389,722053.6105
586,74035,Whitecourt,7.768310278,723000.6923
587,68234,Whitecourt,7.783758333,723008.8346
588,45026,Whitecourt,7.785814167,723024.0859
589,65184,Whitecourt,7.803975556,723031.8452
590,60164,Whitecourt,7.805095278,723196.4452
591,80195,Whitecourt,7.809143333,723206.5077
592,52016,Whitecourt,7.816221111,723219.1473
593,41105,Whitecourt,7.834423333,723281.4525
594,55036,Whitecourt,7.843952222,723304.526
595,44185,Whitecourt,7.922920833,723307.3694
596,58016,Whitecourt,7.926487222,723319.9215
597,81225,Whitecourt,7.929722222,723322.3568
598,57265,Whitecourt,7.930122778,723356.2965
599,70056,Whitecourt,7.969977222,723363.4948
600,41085,Whitecourt,7.974611111,723367.312
601,78025,Whitecourt,7.985611667,723405.3414
602,80095,Whitecourt,7.987368611,723426.0678
603,81195,Whitecourt,7.995879444,724034.4227
604,76036,Whitecourt,8.012991111,724047.5985
605,78185,Whitecourt,8.013860556,724060.5061
606,62275,Whitecourt,8.028234444,725957.3805
607,62016,Whitecourt,8.038081667,725968.917
608,43125,Whitecourt,8.043442778,727445.5893
609,38095,Whitecourt,8.049666111,728100.6618
610,79095,Whitecourt,8.054296111,728173.5963
611,67174,Whitecourt,8.057279444,728177.3034
612,56265,Whitecourt,8.07165,728454.7556
613,65174,Whitecourt,8.078855,728467.9761
614,67036,Whitecourt,8.083820833,729508.6659
615,36075,Whitecourt,8.088390556,729555.6712
616,70165,Whitecourt,8.095019167,730195.0781
617,60144,Whitecourt,8.129287778,730210.0628
618,44145,Whitecourt,8.150053056,735462.5532
619,45095,Whitecourt,8.151066111,735463.8291
620,62026,Whitecourt,8.158701389,735556.1372
621,79185,Whitecourt,8.162979444,735675.292
622,81095,Whitecourt,8.165367222,735681.3942
623,69066,Whitecourt,8.169162222,735759.4276
624,37055,Whitecourt,8.178846111,735813.7232
625,80115,Whitecourt,8.183047778,735816.4986
626,43175,Whitecourt,8.183605556,735819.3914
627,70046,Whitecourt,8.186271389,738798.4118
628,75056,Whitecourt,8.186578333,738859.2276
629,41115,Whitecourt,8.198852222,739319.3562
630,65265,Whitecourt,8.213888889,742750.4324
631,63174,Whitecourt,8.221950278,742758.665
632,68254,Whitecourt,8.2273,744808.5933
633,42115,Whitecourt,8.228174167,748157.8084
634,80185,Whitecourt,8.23227,750773.7524
635,56016,Whitecourt,8.242770556,750778.4427
636,77265,Whitecourt,8.24361,750914.5952
637,43165,Whitecourt,8.258556667,751515.4153
638,77036,Whitecourt,8.260891667,751520.2231
639,73025,Whitecourt,8.261664167,753990.2029
640,35065,Whitecourt,8.287388333,754013.8309
641,41095,Whitecourt,8.290946667,754111.2276
642,74076,Whitecourt,8.296928889,754124.4275
643,43085,Whitecourt,8.299313889,754138.223
644,61036,Whitecourt,8.310904167,754598.7348
645,72264,Whitecourt,8.325418333,754784.109
646,79175,Whitecourt,8.330498889,755723.5795
647,61265,Whitecourt,8.34275,755726.3349
648,64174,Whitecourt,8.346648889,756138.7519
649,80125,Whitecourt,8.348694444,756143.4159
650,82095,Whitecourt,8.362592778,756476.5714
651,65164,Whitecourt,8.368369167,756741.3494
652,54036,Whitecourt,8.368913889,756897.1709
653,37085,Whitecourt,8.37176,757185.3499
654,76046,Whitecourt,8.383888889,757254.7222
655,80075,Whitecourt,8.384350556,757260.135
656,69076,Whitecourt,8.387372778,757261.8926
657,64184,Whitecourt,8.3990275,757266.6399
658,69214,Whitecourt,8.402809444,757270.3278
659,42095,Whitecourt,8.407329444,757339.518
660,77125,Whitecourt,8.410126667,757493.7375
661,61016,Whitecourt,8.415608333,757576.3659
662,79015,Whitecourt,8.416636111,757814.8086
663,43095,Whitecourt,8.421425556,757820.2355
664,82205,Whitecourt,8.425107778,757831.136
665,55016,Whitecourt,8.426227222,759840.9727
666,77095,Whitecourt,8.431375833,759848.9413
667,82195,Whitecourt,8.447803056,759850.5912
668,62036,Whitecourt,8.451530278,759885.7858
669,60124,Whitecourt,8.475217222,759889.4445
670,72096,Whitecourt,8.477032778,759950.2948
671,81185,Whitecourt,8.478545,759974.346
672,44155,Whitecourt,8.495406944,766934.0715
673,43135,Whitecourt,8.496828333,773092.7748
674,69056,Whitecourt,8.500369167,773547.8947
675,71224,Whitecourt,8.500599722,773574.1344
676,72214,Whitecourt,8.504094722,773643.562
677,70214,Whitecourt,8.507679722,773701.5309
678,68155,Whitecourt,8.512002222,774779.9648
679,36045,Whitecourt,8.516163889,774786.0021
680,62144,Whitecourt,8.537612778,775067.3997
681,79115,Whitecourt,8.540376667,775080.2448
682,39105,Whitecourt,8.540801667,776255.0361
683,68025,Whitecourt,8.545608333,776312.3042
684,42165,Whitecourt,8.552469444,782246.6714
685,80175,Whitecourt,8.568556944,786305.7933
686,68066,Whitecourt,8.592381111,787086.7011
687,36085,Whitecourt,8.6095325,787353.4338
688,76095,Whitecourt,8.611053333,787466.293
689,57056,Whitecourt,8.615055556,788205.1577
690,43155,Whitecourt,8.616911389,788367.4821
