TRM,whitecourt_distance,edson_dist,hinto_dist
"001014",,,
"001015",,,
"001024",,,
"001025",,,
"001034",,,
"001044",,,
"001054",,,
"001064",,,
"001074",,,
"001084",,,
"001094",,,
"001104",,,
"001114",,,
"001124",,,
"001134",,,
"001144",,,
"001154",,,
"001164",,,
"001174",,,
"001184",,,
"001194",,,
"001204",,,
"001214",,,
"001224",,,
"001234",,,
"001244",,,
"001254",,,
"001264",,,
"001274",,,
"001284",,,
"001294",,,
"001304",,,
"002014",,,
"002015",,,
"002024",,,
"002025",,,
"002034",,,
"002044",,,
"002054",,,
"002064",,,
"002074",,,
"002084",,,
"002094",,,
"002104",,,
"002114",,,
"002124",,,
"002134",,,
"002144",,,
"002154",,,
"002164",,,
"002174",,,
"002184",,,
"002194",,,
"002204",,,
"002214",,,
"002224",,,
"002234",,,
"002244",,,
"002254",,,
"002264",,,
"002274",,,
"002284",,,
"002294",,,
"002304",,,
"003014",,,
"003015",,,
"003024",,,
"003025",,,
"003034",,,
"003035",,,
"003044",,,
"003045",,,
"003054",,,
"003064",,,
"003074",,,
"003084",,,
"003094",,,
"003104",,,
"003114",,,
"003124",,,
"003134",,,
"003144",,,
"003154",,,
"003164",,,
"003174",,,
"003184",,,
"003194",,,
"003204",,,
"003214",,,
"003224",,,
"003234",,,
"003244",,,
"003254",,,
"003264",,,
"003274",,,
"003284",,,
"003294",,,
"003304",,,
"004014",,,
"004015",,,
"004024",,,
"004025",,,
"004034",,,
"004035",,,
"004044",,,
"004045",,,
"004054",,,
"004064",,,
"004074",,,
"004084",,,
"004094",,,
"004104",,,
"004114",,,
"004124",,,
"004134",,,
"004144",,,
"004154",,,
"004164",,,
"004174",,,
"004184",,,
"004194",,,
"004204",,,
"004214",,,
"004224",,,
"004234",,,
"004244",,,
"004254",,,
"004264",,,
"004274",,,
"004284",,,
"004294",,,
"004304",,,
"005014",,,
"005015",,,
"005024",,,
"005025",,,
"005034",,,
"005035",,,
"005044",,,
"005045",,,
"005054",,,
"005055",,,
"005064",,,
"005074",,,
"005084",,,
"005094",,,
"005104",,,
"005114",,,
"005124",,,
"005134",,,
"005144",,,
"005154",,,
"005164",,,
"005174",,,
"005184",,,
"005194",,,
"005204",,,
"005214",,,
"005224",,,
"005234",,,
"005244",,,
"005254",,,
"005264",,,
"005274",,,
"005284",,,
"005294",,,
"005304",,,
"006014",,,
"006015",,,
"006024",,,
"006025",,,
"006034",,,
"006035",,,
"006044",,,
"006045",,,
"006054",,,
"006055",,,
"006064",,,
"006074",,,
"006084",,,
"006094",,,
"006104",,,
"006114",,,
"006124",,,
"006134",,,
"006144",,,
"006154",,,
"006164",,,
"006174",,,
"006184",,,
"006194",,,
"006204",,,
"006214",,,
"006224",,,
"006234",,,
"006244",,,
"006254",,,
"006264",,,
"006274",,,
"006284",,,
"006294",,,
"006304",,,
"007014",,,
"007015",,,
"007024",,,
"007025",,,
"007034",,,
"007035",,,
"007044",,,
"007045",,,
"007054",,,
"007055",,,
"007064",,,
"007065",,,
"007074",,,
"007084",,,
"007094",,,
"007104",,,
"007114",,,
"007124",,,
"007134",,,
"007144",,,
"007154",,,
"007164",,,
"007174",,,
"007184",,,
"007194",,,
"007204",,,
"007214",,,
"007224",,,
"007234",,,
"007244",,,
"007254",,,
"007264",,,
"007274",,,
"007284",,,
"007294",,,
"007304",,,
"008014",,,
"008015",,,
"008024",,,
"008025",,,
"008034",,,
"008035",,,
"008044",,,
"008045",,,
"008054",,,
"008055",,,
"008064",,,
"008065",,,
"008074",,,
"008084",,,
"008094",,,
"008104",,,
"008114",,,
"008124",,,
"008134",,,
"008144",,,
"008154",,,
"008164",,,
"008174",,,
"008184",,,
"008194",,,
"008204",,,
"008214",,,
"008224",,,
"008234",,,
"008244",,,
"008254",,,
"008264",,,
"008274",,,
"008284",,,
"008294",,,
"008304",,,
"009014",,,
"009015",,,
"009024",,,
"009025",,,
"009034",,,
"009035",,,
"009044",,,
"009045",,,
"009054",,,
"009055",,,
"009064",,,
"009074",,,
"009084",,,
"009094",,,
"009104",,,
"009114",,,
"009124",,,
"009134",,,
"009144",,,
"009154",,,
"009164",,,
"009174",,,
"009184",,,
"009194",,,
"009204",,,
"009214",,,
"009224",,,
"009234",,,
"009244",,,
"009254",,,
"009264",,,
"009274",,,
"009284",,,
"009294",,,
"009304",,,
"010014",,,
"010015",,,
"010024",,,
"010025",,,
"010034",,,
"010035",,,
"010044",,,
"010045",,,
"010054",,,
"010055",,,
"010064",,,
"010074",,,
"010084",,,
"010094",,,
"010104",,,
"010114",,,
"010124",,,
"010134",,,
"010144",,,
"010154",,,
"010164",,,
"010174",,,
"010184",,,
"010194",,,
"010204",,,
"010214",,,
"010224",,,
"010234",,,
"010244",,,
"010254",,,
"010264",,,
"010274",,,
"010284",,,
"010294",,,
"010304",,,
"011014",,,
"011015",,,
"011024",,,
"011025",,,
"011034",,,
"011035",,,
"011044",,,
"011045",,,
"011054",,,
"011055",,,
"011064",,,
"011065",,,
"011074",,,
"011084",,,
"011094",,,
"011104",,,
"011114",,,
"011124",,,
"011134",,,
"011144",,,
"011154",,,
"011164",,,
"011174",,,
"011184",,,
"011194",,,
"011204",,,
"011214",,,
"011224",,,
"011234",,,
"011244",,,
"011254",,,
"011264",,,
"011274",,,
"011284",,,
"011294",,,
"011304",,,
"012014",,,
"012015",,,
"012024",,,
"012025",,,
"012034",,,
"012035",,,
"012044",,,
"012045",,,
"012054",,,
"012055",,,
"012064",,,
"012074",,,
"012084",,,
"012094",,,
"012104",,,
"012114",,,
"012124",,,
"012134",,,
"012144",,,
"012154",,,
"012164",,,
"012174",,,
"012184",,,
"012194",,,
"012204",,,
"012214",,,
"012224",,,
"012234",,,
"012244",,,
"012254",,,
"012264",,,
"012274",,,
"012284",,,
"012294",,,
"012304",,,
"013014",,,
"013015",,,
"013024",,,
"013025",,,
"013034",,,
"013035",,,
"013044",,,
"013045",,,
"013054",,,
"013055",,,
"013064",,,
"013065",,,
"013074",,,
"013084",,,
"013094",,,
"013104",,,
"013114",,,
"013124",,,
"013134",,,
"013144",,,
"013154",,,
"013164",,,
"013174",,,
"013184",,,
"013194",,,
"013204",,,
"013214",,,
"013224",,,
"013234",,,
"013244",,,
"013254",,,
"013264",,,
"013274",,,
"013284",,,
"013294",,,
"013304",,,
"014014",,,
"014015",,,
"014024",,,
"014025",,,
"014034",,,
"014035",,,
"014044",,,
"014045",,,
"014054",,,
"014055",,,
"014064",,,
"014065",,,
"014074",,,
"014084",,,
"014094",,,
"014104",,,
"014114",,,
"014124",,,
"014134",,,
"014144",,,
"014154",,,
"014164",,,
"014174",,,
"014184",,,
"014194",,,
"014204",,,
"014214",,,
"014224",,,
"014234",,,
"014244",,,
"014254",,,
"014264",,,
"014274",,,
"014284",,,
"014294",,,
"014304",,,
"015014",,,
"015015",,,
"015024",,,
"015025",,,
"015034",,,
"015035",,,
"015044",,,
"015045",,,
"015054",,,
"015055",,,
"015064",,,
"015065",,,
"015074",,,
"015084",,,
"015094",,,
"015104",,,
"015114",,,
"015124",,,
"015134",,,
"015144",,,
"015154",,,
"015164",,,
"015174",,,
"015184",,,
"015194",,,
"015204",,,
"015214",,,
"015224",,,
"015234",,,
"015244",,,
"015254",,,
"015264",,,
"015274",,,
"015284",,,
"015294",,,
"015304",,,
"016014",,,
"016015",,,
"016024",,,
"016025",,,
"016034",,,
"016035",,,
"016044",,,
"016045",,,
"016054",,,
"016055",,,
"016064",,,
"016065",,,
"016074",,,
"016075",,,
"016084",,,
"016094",,,
"016104",,,
"016114",,,
"016124",,,
"016134",,,
"016144",,,
"016154",,,
"016164",,,
"016174",,,
"016184",,,
"016194",,,
"016204",,,
"016214",,,
"016224",,,
"016234",,,
"016244",,,
"016254",,,
"016264",,,
"016274",,,
"016284",,,
"016294",,,
"016304",,,
"017014",,,
"017015",,,
"017024",,,
"017025",,,
"017034",,,
"017035",,,
"017044",,,
"017045",,,
"017054",,,
"017055",,,
"017064",,,
"017065",,,
"017074",,,
"017075",,,
"017084",,,
"017094",,,
"017104",,,
"017114",,,
"017124",,,
"017134",,,
"017144",,,
"017154",,,
"017164",,,
"017174",,,
"017184",,,
"017194",,,
"017204",,,
"017214",,,
"017224",,,
"017234",,,
"017244",,,
"017254",,,
"017264",,,
"017274",,,
"017284",,,
"017294",,,
"017304",,,
"018014",,,
"018015",,,
"018024",,,
"018025",,,
"018034",,,
"018035",,,
"018044",,,
"018045",,,
"018054",,,
"018055",,,
"018064",,,
"018065",,,
"018074",,,
"018075",,,
"018084",,,
"018085",,,
"018094",,,
"018095",,,
"018104",,,
"018105",,,
"018114",,,
"018124",,,
"018134",,,
"018144",,,
"018154",,,
"018164",,,
"018174",,,
"018184",,,
"018194",,,
"018204",,,
"018214",,,
"018224",,,
"018234",,,
"018244",,,
"018254",,,
"018264",,,
"018274",,,
"018284",,,
"018294",,,
"018304",,,
"019014",,,
"019015",,,
"019024",,,
"019025",,,
"019034",,,
"019035",,,
"019044",,,
"019045",,,
"019054",,,
"019055",,,
"019064",,,
"019065",,,
"019074",,,
"019075",,,
"019084",,,
"019085",,,
"019094",,,
"019095",,,
"019104",,,
"019105",,,
"019114",,,
"019124",,,
"019134",,,
"019144",,,
"019154",,,
"019164",,,
"019174",,,
"019184",,,
"019194",,,
"019204",,,
"019214",,,
"019224",,,
"019234",,,
"019244",,,
"019254",,,
"019264",,,
"019274",,,
"019284",,,
"019294",,,
"020014",,,
"020015",,,
"020024",,,
"020025",,,
"020034",,,
"020035",,,
"020044",,,
"020045",,,
"020054",,,
"020055",,,
"020064",,,
"020065",,,
"020074",,,
"020075",,,
"020084",,,
"020085",,,
"020094",,,
"020095",,,
"020104",,,
"020105",,,
"020114",,,
"020115",,,
"020124",,,
"020134",,,
"020144",,,
"020154",,,
"020164",,,
"020174",,,
"020184",,,
"020194",,,
"020204",,,
"020214",,,
"020224",,,
"020234",,,
"020244",,,
"020254",,,
"020264",,,
"020274",,,
"020284",,,
"020294",,,
"021014",,,
"021015",,,
"021024",,,
"021025",,,
"021034",,,
"021035",,,
"021044",,,
"021045",,,
"021054",,,
"021055",,,
"021064",,,
"021065",,,
"021074",,,
"021075",,,
"021084",,,
"021085",,,
"021094",,,
"021095",,,
"021104",,,
"021105",,,
"021114",,,
"021115",,,
"021124",,,
"021125",,,
"021134",,,
"021144",,,
"021154",,,
"021164",,,
"021174",,,
"021184",,,
"021194",,,
"021204",,,
"021214",,,
"021224",,,
"021234",,,
"021244",,,
"021254",,,
"021264",,,
"021274",,,
"021284",,,
"021294",,,
"022014",,,
"022015",,,
"022024",,,
"022025",,,
"022034",,,
"022035",,,
"022044",,,
"022045",,,
"022054",,,
"022055",,,
"022064",,,
"022065",,,
"022074",,,
"022075",,,
"022084",,,
"022085",,,
"022094",,,
"022095",,,
"022104",,,
"022105",,,
"022114",,,
"022115",,,
"022124",,,
"022125",,,
"022134",,,
"022144",,,
"022154",,,
"022164",,,
"022174",,,
"022184",,,
"022194",,,
"022204",,,
"022214",,,
"022224",,,
"022234",,,
"022244",,,
"022254",,,
"022264",,,
"022274",,,
"022284",,,
"022294",,,
"023014",,,
"023015",,,
"023024",,,
"023025",,,
"023034",,,
"023035",,,
"023044",,,
"023045",,,
"023054",,,
"023055",,,
"023064",,,
"023065",,,
"023074",,,
"023075",,,
"023084",,,
"023085",,,
"023094",,,
"023095",,,
"023104",,,
"023105",,,
"023114",,,
"023115",,,
"023124",,,
"023125",,,
"023134",,,
"023135",,,
"023144",,,
"023154",,,
"023164",,,
"023174",,,
"023184",,,
"023194",,,
"023204",,,
"023214",,,
"023224",,,
"023234",,,
"023244",,,
"023254",,,
"023264",,,
"023274",,,
"023284",,,
"023294",,,
"024014",,,
"024015",,,
"024024",,,
"024025",,,
"024034",,,
"024035",,,
"024044",,,
"024045",,,
"024054",,,
"024055",,,
"024064",,,
"024065",,,
"024074",,,
"024075",,,
"024084",,,
"024085",,,
"024094",,,
"024095",,,
"024104",,,
"024105",,,
"024114",,,
"024115",,,
"024124",,,
"024125",,,
"024134",,,
"024135",,,
"024144",,,
"024145",,,
"024154",,,
"024164",,,
"024174",,,
"024184",,,
"024194",,,
"024204",,,
"024214",,,
"024224",,,
"024234",,,
"024244",,,
"024254",,,
"024264",,,
"024274",,,
"024284",,,
"024294",,,
"025014",,,
"025015",,,
"025024",,,
"025025",,,
"025034",,,
"025035",,,
"025044",,,
"025045",,,
"025054",,,
"025055",,,
"025064",,,
"025065",,,
"025074",,,
"025075",,,
"025084",,,
"025085",,,
"025094",,,
"025095",,,
"025104",,,
"025105",,,
"025114",,,
"025115",,,
"025124",,,
"025125",,,
"025134",,,
"025135",,,
"025144",,,
"025145",,,
"025154",,,
"025155",,,
"025164",,,
"025174",,,
"025184",,,
"025194",,,
"025204",,,
"025214",,,
"025224",,,
"025234",,,
"025244",,,
"025254",,,
"025264",,,
"025274",,,
"025284",,,
"025294",,,
"026014",,,
"026015",,,
"026024",,,
"026025",,,
"026034",,,
"026035",,,
"026044",,,
"026045",,,
"026054",,,
"026055",,,
"026064",,,
"026065",,,
"026074",,,
"026075",,,
"026084",,,
"026085",,,
"026094",,,
"026095",,,
"026104",,,
"026105",,,
"026114",,,
"026115",,,
"026124",,,
"026125",,,
"026134",,,
"026135",,,
"026144",,,
"026145",,,
"026154",,,
"026155",,,
"026164",,,
"026165",,,
"026174",,,
"026184",,,
"026194",,,
"026204",,,
"026214",,,
"026224",,,
"026234",,,
"026244",,,
"026254",,,
"026264",,,
"026274",,,
"026284",,,
"026294",,,
"027014",,,
"027015",,,
"027024",,,
"027025",,,
"027034",,,
"027035",,,
"027044",,,
"027045",,,
"027054",,,
"027055",,,
"027064",,,
"027065",,,
"027074",,,
"027075",,,
"027084",,,
"027085",,,
"027094",,,
"027095",,,
"027104",,,
"027105",,,
"027114",,,
"027115",,,
"027124",,,
"027125",,,
"027134",,,
"027135",,,
"027144",,,
"027145",,,
"027154",,,
"027155",,,
"027164",,,
"027165",,,
"027174",,,
"027175",,,
"027184",,,
"027194",,,
"027204",,,
"027214",,,
"027224",,,
"027234",,,
"027244",,,
"027254",,,
"027264",,,
"027274",,,
"027284",,,
"027294",,,
"028014",,,
"028015",,,
"028024",,,
"028025",,,
"028034",,,
"028035",,,
"028044",,,
"028045",,,
"028054",,,
"028055",,,
"028064",,,
"028065",,,
"028074",,,
"028075",,,
"028084",,,
"028085",,,
"028094",,,
"028095",,,
"028104",,,
"028105",,,
"028114",,,
"028115",,,
"028124",,,
"028125",,,
"028134",,,
"028135",,,
"028144",,,
"028145",,,
"028154",,,
"028155",,,
"028164",,,
"028165",,,
"028174",,,
"028175",,,
"028184",,,
"028194",,,
"028204",,,
"028214",,,
"028224",,,
"028234",,,
"028244",,,
"028254",,,
"028264",,,
"028274",,,
"028284",,,
"028294",,,
"029014",,,
"029015",,,
"029024",,,
"029025",,,
"029034",,,
"029035",,,
"029044",,,
"029045",,,
"029054",,,
"029055",,,
"029064",,,
"029065",,,
"029074",,,
"029075",,,
"029084",,,
"029085",,,
"029094",,,
"029095",,,
"029104",,,
"029105",,,
"029114",,,
"029115",,,
"029124",,,
"029125",,,
"029134",,,
"029135",,,
"029144",,,
"029145",,,
"029154",,,
"029155",,,
"029164",,,
"029165",,,
"029174",,,
"029175",,,
"029184",,,
"029185",,,
"029194",,,
"029204",,,
"029214",,,
"029224",,,
"029234",,,
"029244",,,
"029254",,,
"029264",,,
"029274",,,
"029284",,,
"029294",,,
"030014",,,
"030015",,,
"030024",,,
"030025",,,
"030034",,,
"030035",,,
"030044",,,
"030045",,,
"030054",,,
"030055",,,
"030064",,,
"030065",,,
"030074",,,
"030075",,,
"030084",,,
"030085",,,
"030094",,,
"030095",,,
"030104",,,
"030105",,,
"030114",,,
"030115",,,
"030124",,,
"030125",,,
"030134",,,
"030135",,,
"030144",,,
"030145",,,
"030154",,,
"030155",,,
"030164",,,
"030165",,,
"030174",,,
"030175",,,
"030184",,,
"030185",,,
"030194",,,
"030204",,,
"030214",,,
"030224",,,
"030234",,,
"030244",,,
"030254",,,
"030264",,,
"030274",,,
"030284",,,
"030294",,,
"031014",,,
"031015",,,
"031024",,,
"031025",,,
"031034",,,
"031035",,,
"031044",,,
"031045",,,
"031054",,,
"031055",,,
"031064",,,
"031065",,,
"031074",,,
"031075",,,
"031084",,,
"031085",,,
"031094",,,
"031095",,,
"031104",,,
"031105",,,
"031114",,,
"031115",,,
"031124",,,
"031125",,,
"031134",,,
"031135",,,
"031144",,,
"031145",,,
"031154",,,
"031155",,,
"031164",,,
"031165",,,
"031174",,,
"031175",,,
"031184",,,
"031185",,,
"031194",,,
"031195",,,
"031204",,,
"031205",,,
"031214",,,
"031215",,,
"031224",,,
"031234",,,
"031244",,,
"031254",,,
"031264",,,
"031274",,,
"031284",,,
"031294",,,
"032014",,,
"032015",,,
"032024",,,
"032025",,,
"032034",,,
"032035",,,
"032044",,,
"032045",,,
"032054",,,
"032055",,,
"032064",,,
"032065",,,
"032074",,,
"032075",,,
"032084",,,
"032085",,,
"032094",,,
"032095",,,
"032104",,,
"032105",,,
"032114",,,
"032115",,,
"032124",,,
"032125",,,
"032134",,,
"032135",,,
"032144",,,
"032145",,,
"032154",,,
"032155",,,
"032164",,,
"032165",,,
"032174",,,
"032175",,,
"032184",,,
"032185",,,
"032194",,,
"032195",,,
"032204",,,
"032205",,,
"032214",,,
"032215",,,
"032224",,,
"032234",,,
"032244",,,
"032254",,,
"032264",,,
"032274",,,
"032284",,,
"032294",,,
"033014",,,
"033015",,,
"033024",,,
"033025",,,
"033034",,,
"033035",,,
"033044",,,
"033045",,,
"033054",,,
"033055",,,
"033064",,,
"033065",,,
"033074",,,
"033075",,,
"033084",,,
"033085",,,
"033094",,,
"033095",,,
"033104",,,
"033105",,,
"033114",,,
"033115",,,
"033124",,,
"033125",,,
"033134",,,
"033135",,,
"033144",,,
"033145",,,
"033154",,,
"033155",,,
"033164",,,
"033165",,,
"033174",,,
"033175",,,
"033184",,,
"033185",,,
"033194",,,
"033195",,,"175"
"033204",,,
"033205",,,
"033214",,,
"033215",,,
"033224",,,
"033225",,,
"033234",,,
"033244",,,
"033254",,,
"033264",,,
"033274",,,
"033284",,,
"033294",,,
"034014",,,
"034015",,,
"034024",,,
"034025",,,
"034034",,,
"034035",,,
"034044",,,
"034045",,,
"034054",,,
"034055",,,
"034064",,,
"034065",,,
"034074",,,
"034075",,,
"034084",,,
"034085",,,
"034094",,,
"034095",,,
"034104",,,
"034105",,,
"034114",,,
"034115",,,
"034124",,,
"034125",,,
"034134",,,
"034135",,,
"034144",,,
"034145",,,
"034154",,,
"034155",,,
"034164",,,
"034165",,,
"034174",,,
"034175",,,
"034184",,,
"034185",,,
"034194",,,
"034195",,,"175"
"034204",,,
"034205",,,"170"
"034214",,,
"034215",,,
"034224",,,
"034225",,,
"034234",,,
"034235",,,
"034244",,,
"034254",,,
"034264",,,
"034274",,,
"034284",,,
"034294",,,
"035014",,,
"035015",,,
"035024",,,
"035025",,,
"035034",,,
"035035",,,
"035044",,,
"035045",,,
"035054",,,
"035055",,,
"035064",,,
"035065",,,
"035074",,,
"035075",,,
"035084",,,
"035085",,,
"035094",,,
"035095",,,
"035104",,,
"035105",,,
"035114",,,
"035115",,,
"035124",,,
"035125",,,
"035134",,,
"035135",,,
"035144",,,
"035145",,,
"035154",,,
"035155",,,
"035164",,,
"035165",,,
"035174",,,
"035175",,,
"035184",,,
"035185",,,"175"
"035194",,,
"035195",,,"170"
"035204",,,
"035205",,,"160"
"035214",,,
"035215",,,"155"
"035224",,,
"035225",,,
"035234",,,
"035235",,,
"035244",,,
"035254",,,
"035264",,,
"035274",,,
"035284",,,
"036014",,,
"036015",,,
"036024",,,
"036025",,,
"036034",,,
"036035",,,
"036044",,,
"036045",,,
"036054",,,
"036055",,,
"036064",,,
"036065",,,
"036074",,,
"036075",,,
"036084",,,
"036085",,,
"036094",,,
"036095",,,
"036104",,,
"036105",,,
"036114",,,
"036115",,,
"036124",,,
"036125",,,
"036134",,,
"036135",,,
"036144",,,
"036145",,,
"036154",,,
"036155",,,
"036164",,,
"036165",,,
"036174",,,
"036175",,,
"036184",,,
"036185",,,
"036194",,,
"036195",,,
"036204",,,
"036205",,,
"036214",,,
"036215",,,"150"
"036224",,,
"036225",,,
"036234",,,
"036235",,,
"036244",,,
"036245",,,
"036254",,,
"036255",,,
"036264",,,
"036265",,,
"036274",,,
"036284",,,
"037014",,,
"037015",,,
"037024",,,
"037025",,,
"037034",,,
"037035",,,
"037044",,,
"037045",,,
"037054",,,
"037055",,,
"037064",,,
"037065",,,
"037074",,,
"037075",,,
"037084",,,
"037085",,,
"037094",,,
"037095",,,
"037104",,,
"037105",,,
"037114",,,
"037115",,,
"037124",,,
"037125",,,
"037134",,,
"037135",,,
"037144",,,
"037145",,,
"037154",,,
"037155",,,
"037164",,,
"037165",,,
"037174",,,
"037175",,,
"037184",,,
"037185",,,
"037194",,,
"037195",,,
"037204",,,
"037205",,,
"037214",,,
"037215",,,"145"
"037224",,,
"037225",,,"135"
"037234",,,
"037235",,,"130"
"037244",,,
"037245",,,
"037254",,,
"037255",,,
"037264",,,
"037265",,,
"037274",,,
"037275",,,
"037284",,,
"038014",,,
"038015",,,
"038024",,,
"038025",,,
"038034",,,
"038035",,,
"038044",,,
"038045",,,
"038054",,,
"038055",,,
"038064",,,
"038065",,,
"038074",,,
"038075",,,
"038084",,,
"038085",,,
"038094",,,
"038095",,,
"038104",,,
"038105",,,
"038114",,,
"038115",,,
"038124",,,
"038125",,,
"038134",,,
"038135",,,
"038144",,,
"038145",,,
"038154",,,
"038155",,,
"038164",,,
"038165",,,
"038174",,,
"038175",,"180",
"038184",,,
"038185",,,
"038194",,,
"038195",,,
"038204",,,
"038205",,,
"038214",,,
"038215",,,
"038224",,,
"038225",,,
"038234",,,
"038235",,,"125"
"038244",,,
"038245",,,"120"
"038254",,,
"038255",,,
"038264",,,
"038265",,,
"038274",,,
"038275",,,
"038284",,,
"039014",,,
"039015",,,
"039016",,,
"039024",,,
"039025",,,
"039026",,,
"039034",,,
"039035",,,
"039044",,,
"039045",,,
"039054",,,
"039055",,,
"039064",,,
"039065",,"180",
"039074",,,
"039075","180","175",
"039084",,,
"039085","180","180",
"039094",,,
"039095",,,
"039104",,,
"039105",,,
"039114",,,
"039115",,,
"039124",,,
"039125",,,
"039134",,,
"039135",,,
"039144",,,
"039145",,,
"039154",,,
"039155",,"175","175"
"039164",,,
"039165",,"175","175"
"039174",,,
"039175",,"175","180"
"039184",,,
"039185",,,
"039194",,,
"039195",,,
"039204",,,
"039205",,,
"039214",,,
"039215",,,
"039224",,,
"039225",,,
"039234",,,
"039235",,,
"039244",,,
"039245",,"180","115"
"039254",,,
"039255",,,
"039264",,,
"039265",,,
"039274",,,
"039275",,,
"039284",,,
"040014",,,
"040015",,,
"040016",,,
"040024",,,
"040025",,,
"040026",,,
"040034",,,
"040035",,,
"040044",,,
"040045",,,
"040054",,,
"040055",,"180",
"040064",,,
"040065","175","175",
"040074",,,
"040075","170","170",
"040084",,,
"040085","180","180",
"040094",,,
"040095",,"180",
"040104",,,
"040105",,"180",
"040114",,,
"040115",,,
"040124",,,
"040125",,,
"040134",,,
"040135",,"175","175"
"040144",,,
"040145",,"170","170"
"040154",,,
"040155",,"160","160"
"040164",,,
"040165",,"165","165"
"040174",,,
"040175",,,
"040184",,,
"040185",,,
"040194",,,
"040195",,,
"040204",,,
"040205",,,
"040214",,,
"040215",,,
"040224",,,
"040225",,,
"040234",,,
"040235",,,
"040244",,,
"040245",,"175","110"
"040254",,,
"040255",,"170","105"
"040264",,,
"040265",,,
"040274",,,
"040275",,,
"040284",,,
"040285",,,
"041014",,,
"041015",,,
"041016",,,
"041024",,,
"041025",,,
"041026",,,
"041034",,,
"041035",,,
"041036",,,
"041044",,,
"041045","180","180",
"041054",,,
"041055","170","170",
"041064",,,
"041065","170","170",
"041074",,,
"041075","165","160",
"041084",,,
"041085","175","175",
"041094",,,
"041095",,"180",
"041104",,,
"041105",,"170",
"041114",,,
"041115",,,
"041124",,,
"041125",,,
"041134",,,
"041135",,"175","175"
"041144",,,
"041145",,"170","170"
"041154",,,
"041155",,"160","160"
"041164",,,
"041165",,"150","150"
"041174",,,
"041175",,"170","175"
"041184",,,
"041185",,,
"041194",,,
"041195",,,
"041204",,,
"041205",,,
"041214",,,
"041215",,,
"041224",,,
"041225",,,
"041234",,,
"041235",,,
"041244",,,
"041245",,,
"041254",,,
"041255",,"165","100"
"041264",,,
"041265",,"155","90"
"041274",,,
"041275",,,
"041284",,,
"041285",,,
"042014",,,
"042015","180","180",
"042016",,,
"042024",,,
"042025","175","175",
"042026",,,
"042034",,,
"042035","175","175",
"042036",,,
"042044",,,
"042045","170","170",
"042054",,,
"042055","160","160",
"042064",,,
"042065","160","155",
"042074",,,
"042075","155","155",
"042084",,,
"042085","175","175",
"042094",,,
"042095",,,
"042104",,,
"042105",,"160",
"042114",,,
"042115",,"165",
"042124",,,
"042125",,,
"042134",,,
"042135",,,
"042144",,,
"042145",,,
"042154",,,
"042155",,"170","170"
"042164",,,
"042165",,"135","135"
"042174",,,
"042175",,"150","155"
"042184",,,
"042185",,"180","180"
"042194",,,
"042195",,,
"042204",,,
"042205",,,
"042214",,,
"042215",,,
"042224",,,
"042225",,,
"042234",,,
"042235",,,
"042244",,,
"042245",,,
"042254",,,
"042255",,,
"042264",,,
"042265",,"155","90"
"042274",,,
"042275",,"145","80"
"042284",,,
"042285",,"145","80"
"043014",,,
"043015","180","180",
"043016",,,
"043024",,,
"043025","170","170",
"043026",,,
"043034",,,
"043035","170","165",
"043036",,,
"043044",,,
"043045","175","175",
"043054",,,
"043055","165","165",
"043064",,,
"043065","150","150",
"043074",,,
"043075","150","145",
"043084",,,
"043085","180","175",
"043094",,,
"043095",,"175",
"043104",,,
"043105","180","155",
"043114",,,
"043115","175","150",
"043124",,,
"043125",,"165","180"
"043134",,,
"043135",,"170","170"
"043144",,,
"043145",,"155","155"
"043154",,,
"043155",,"145","145"
"043164",,,
"043165",,"130","130"
"043174",,,
"043175",,"125","125"
"043184",,,
"043185",,"160","160"
"043194",,,
"043195",,"175","180"
"043204",,,
"043205",,,
"043214",,,
"043215",,,
"043224",,,
"043225",,,
"043234",,,
"043235",,,
"043244",,,
"043245",,,
"043254",,,
"043255",,,
"043264",,,
"043265",,"155","90"
"043274",,,
"043275",,"140","75"
"043284",,,
"043285",,"135","70"
"044014",,,
"044015","175","170",
"044016",,"125","60"
"044024",,,
"044025","165","165",
"044026",,,
"044034",,,
"044035","160","160",
"044036",,,
"044044",,,
"044045","175","170",
"044054",,,
"044055","165","165",
"044064",,,
"044065","140","140",
"044074",,,
"044075","140","140",
"044084",,,
"044085","180","180",
"044094",,,
"044095",,"175",
"044104",,,
"044105",,"160",
"044114",,,
"044115","170","140",
"044124",,,
"044125","175","150","175"
"044134",,,
"044135",,"160","165"
"044144",,,
"044145",,"155","155"
"044154",,,
"044155",,"150","155"
"044164",,,
"044165",,"140","140"
"044174",,,
"044175",,"110","115"
"044184",,,
"044185",,"115","115"
"044194",,,
"044195",,"115","110"
"044204",,,
"044205",,"115","100"
"044214",,,
"044215",,"125","115"
"044224",,,
"044225",,"135","120"
"044234",,,
"044235",,,
"044244",,,
"044245",,,
"044254",,,
"044255",,,
"044264",,,
"044265",,"145","80"
"044274",,,
"044275",,,
"044284","180","180",
"044285",,"135","70"
"045014",,,
"045015","170","170",
"045016",,"120","55"
"045024",,,
"045025","165","165",
"045026",,"125","65"
"045034",,,
"045035","155","155",
"045036",,"135","70"
"045044",,,
"045045","160","155",
"045046",,"140","75"
"045054",,,
"045055","145","140",
"045056",,,
"045064",,,
"045065","135","135",
"045074",,,
"045075","135","135",
"045084",,,
"045085","150","145",
"045094",,,
"045095","175","165",
"045104",,,
"045105","175","145",
"045114",,,
"045115","155","130",
"045124",,,
"045125","160","135",
"045134",,,
"045135","175","135","160"
"045144",,,
"045145","175","130","140"
"045154",,,
"045155","175","125","125"
"045164",,,
"045165",,"110","115"
"045174",,,
"045175","180","105","105"
"045184",,,
"045185","170","95","95"
"045194",,,
"045195","180","105","105"
"045204",,,
"045205","180","105","95"
"045214",,,
"045215","175","100","90"
"045224",,,
"045225",,"130","85"
"045234",,,
"045235","175","105","60"
"045244",,,
"045245",,,
"045254",,,
"045255",,,
"045264","180",,
"045265",,"140","75"
"045274","180","180",
"045275",,"130","65"
"045284","175","175",
"045285",,"125","60"
"046014",,,
"046015","165","165",
"046016",,"110","45"
"046024",,,
"046025","155","155",
"046026",,,
"046034",,,
"046035","150","145",
"046036",,,
"046044",,,
"046045","145","145",
"046046",,,
"046054",,,
"046055","140","140",
"046056",,,
"046064",,,
"046065","130","125",
"046074",,,
"046075","130","130",
"046084",,,
"046085","150","145",
"046094",,,
"046095","155","130",
"046104",,,
"046105","145","120","180"
"046114",,,
"046115","145","120","180"
"046124",,,
"046125","155","130","160"
"046134",,,
"046135","150","110","145"
"046144",,,
"046145","150","105","135"
"046154",,,
"046155","170","120","125"
"046164",,,
"046165","180","115","115"
"046174",,,
"046175","175","100","105"
"046184",,,
"046185","160","90","90"
"046194",,,
"046195","150","80","80"
"046204",,,
"046205","155","85","85"
"046214",,,
"046215","160","85","75"
"046224",,,
"046225","170","95","85"
"046234","180",,
"046235","165","90","50"
"046244","175",,
"046245","170","95","50"
"046254","175",,
"046255",,,
"046264","175","180",
"046265",,,
"046274","175","175",
"046275",,,
"046284","170","170",
"046285",,,
"047014",,,
"047015","155","155",
"047016","175","100","40"
"047024",,,
"047025","150","145",
"047026",,,
"047034",,,
"047035","140","140",
"047036",,,
"047044",,,
"047045","135","135",
"047046",,,
"047054",,,
"047055","130","125",
"047056",,,
"047064",,,
"047065","120","120","180"
"047066",,,
"047074",,,
"047075","120","120","180"
"047084",,,
"047085","125","125",
"047094",,,
"047095","125","105","160"
"047104",,,
"047105","130","105","160"
"047114",,,
"047115","140","115","175"
"047124",,,
"047125","150","115","155"
"047134",,,
"047135","130","90","150"
"047144",,,
"047145","130","90","145"
"047154",,,
"047155","165","120","145"
"047164",,,
"047165","170","125","135"
"047174",,,
"047175","175","100","105"
"047184",,,
"047185","160","85","90"
"047194",,,
"047195","145","75","75"
"047204",,,
"047205","140","65","65"
"047214",,,
"047215","145","75","65"
"047224",,,
"047225","145","75","50"
"047234","175",,
"047235","155","80","40"
"047244","170","175",
"047245","165","90","30"
"047254","165","175",
"047255",,,
"047264","165","175",
"047265",,,
"047274","165","170",
"047275",,,
"047284","165","165",
"047285","175","100","40"
"048014",,,
"048015","150","145",
"048016",,"165","100"
"048024",,,
"048025","140","140",
"048026",,,
"048034",,,
"048035","135","135",
"048036",,,
"048044",,,
"048045","125","125",
"048046",,,
"048054",,,
"048055","125","120","180"
"048056",,,
"048064",,,
"048065","115","115","170"
"048066",,,
"048074",,,
"048075","105","105","165"
"048076",,,
"048084",,,
"048085","110","105","165"
"048086",,,
"048094",,,
"048095","120","100","155"
"048096",,,
"048104",,,
"048105","125","95","150"
"048114",,,
"048115","130","100","155"
"048124",,,
"048125","140","105","165"
"048134",,,
"048135","125","80","140"
"048144",,,
"048145","115","70","130"
"048154",,,
"048155","115","70","130"
"048164",,,
"048165","125","85","145"
"048174",,,
"048175","160","115","135"
"048184",,,
"048185","150","75","80"
"048194",,,
"048195","145","75","75"
"048204",,,
"048205","135","65","65"
"048214","180",,
"048215","130","55","55"
"048224","175",,
"048225","135","65","50"
"048234","175","180",
"048235","160","90","50"
"048244","160","170",
"048245","165","90","25"
"048254","160","170",
"048255","165","95","30"
"048264","155","165",
"048265","175","105","40"
"048274","155","160",
"048275","170","95","30"
"048284","155","155",
"048285","170","95","30"
"049014",,,
"049015","145","145",
"049016",,,
"049024",,,
"049025","135","140",
"049026",,,
"049034",,,
"049035","135","130",
"049036",,,
"049044",,,
"049045","130","125",
"049046",,,
"049054",,,
"049055","115","115","175"
"049056",,,
"049064",,,
"049065","110","110","170"
"049066",,,
"049074",,,
"049075","100","95","155"
"049076",,,
"049084",,,
"049085","100","100","155"
"049086",,,
"049094",,,
"049095","110","90","150"
"049096",,,
"049104",,,
"049105","115","85","145"
"049106",,,
"049114",,,
"049115","125","95","150"
"049124",,,
"049125","135","105","165"
"049134",,,
"049135","135","95","150"
"049144",,,
"049145","120","75","135"
"049154",,,
"049155","100","60","115"
"049164",,,
"049165","110","65","125"
"049174",,,
"049175","150","105","165"
"049184",,,
"049185","140","65","80"
"049194",,,
"049195","140","65","65"
"049204","180",,
"049205","130","55","55"
"049214","175",,
"049215","120","50","45"
"049224","170","180",
"049225","130","60","35"
"049234","165","175",
"049235","145","70","30"
"049244","160","165",
"049245","155","80","20"
"049254","150","160",
"049255","155","80","15"
"049264","145","155",
"049265","155","80","15"
"049274","150","155",
"049275","160","85","20"
"049284","155","155",
"049285","170","95","30"
"050014",,,
"050015","130","140",
"050016",,,
"050024",,,
"050025","125","130",
"050026",,,
"050034",,,
"050035","125","130",
"050036",,,
"050044",,,
"050045","120","115","175"
"050046",,,
"050054",,,
"050055","110","105","165"
"050056",,,
"050064",,,
"050065","100","95","155"
"050066",,,
"050074",,,
"050075","90","90","150"
"050076",,,
"050084",,,
"050085","95","95","150"
"050086",,,
"050094",,,
"050095","110","90","150"
"050096",,,
"050104",,,
"050105","110","75","135"
"050106",,,
"050114",,,
"050115","115","85","145"
"050116",,,
"050124",,,
"050125","120","85","140"
"050126",,,
"050134",,,
"050135","110","65","125"
"050144",,,
"050145","90","45","105"
"050154",,,
"050155","90","45","105"
"050164",,,
"050165","110","65","125"
"050174",,,
"050175","150","75","120"
"050184",,,
"050185","125","50","90"
"050194","175",,
"050195","115","40","80"
"050204","175",,
"050205","110","40","60"
"050214","165","175",
"050215","120","45","55"
"050224","160","175",
"050225","140","65","35"
"050234","160","165",
"050235","140","70","25"
"050244","150","160",
"050245","150","75","15"
"050254","145","155",
"050255","145","70","10"
"050264","140","145",
"050265","145","75","10"
"050274","135","145",
"050275","160","85","20"
"050284","130","140",
"050285",,,
"051014",,,
"051015","115","125","180"
"051016",,"140","75"
"051024",,,
"051025","110","115","175"
"051026",,,
"051034",,,
"051035","110","110","170"
"051036",,,
"051044",,,
"051045","110","105","165"
"051046",,,
"051054",,,
"051055","100","95","155"
"051056",,,
"051064",,,
"051065","100","95","155"
"051066",,,
"051074",,,
"051075","85","85","145"
"051076",,,
"051084",,,
"051085","95","95","150"
"051086",,,
"051094",,,
"051095","110","85","145"
"051096",,,
"051104",,,
"051105","100","65","125"
"051106",,,
"051114",,,
"051115","110","80","140"
"051116",,,
"051124",,,
"051125","105","70","130"
"051126",,,
"051134",,,
"051135","85","40","100"
"051136",,,
"051144",,,
"051145","75","35","95"
"051154",,,
"051155","80","35","95"
"051164",,,
"051165","120","75","125"
"051174",,,
"051175","120","45","90"
"051184",,,
"051185","100","25","65"
"051194","175",,
"051195","100","25","65"
"051204","170","180",
"051205","110","35","65"
"051214","160","175",
"051215","140","65","85"
"051224","155","165",
"051225","160","85","55"
"051234","150","160",
"051235","150","80","35"
"051244","140","150",
"051245","135","60","5"
"051254","135","145",
"051255","140","65","5"
"051264","130","140",
"051265","150","75","10"
"051274","120","130",
"051275","165","95","30"
"051284","120","130",
"051285",,"140","80"
"052014",,,
"052015","105","115","175"
"052016","180","110","45"
"052024",,,
"052025","105","110","170"
"052026",,"140","75"
"052034",,,
"052035","100","105","160"
"052036",,,
"052044",,,
"052045","100","95","155"
"052046",,,
"052054",,,
"052055","90","90","145"
"052056",,,
"052064",,,
"052065","90","85","145"
"052066",,,
"052074",,,
"052075","80","75","135"
"052076",,,
"052084",,,
"052085","75","70","130"
"052086",,,
"052094",,,
"052095","85","65","125"
"052096",,,
"052104",,,
"052105","90","60","120"
"052106",,,
"052114",,,
"052115","90","60","120"
"052116",,,
"052124",,,
"052125","85","50","110"
"052126",,,
"052134",,,
"052135","75","40","100"
"052136",,,
"052144",,,
"052145","70","25","85"
"052154",,,
"052155","70","25","85"
"052164",,,
"052165","85","20","80"
"052174",,,
"052175","85","15","60"
"052184","175",,
"052185","90","15","60"
"052194","170","180",
"052195","100","25","45"
"052204","160","170",
"052205","100","25","40"
"052214","155","165",
"052215","110","35","30"
"052224","145","160",
"052225","115","40","30"
"052234","140","150",
"052235","125","50","15"
"052244","135","145",
"052245","130","55","10"
"052254","130","135",
"052255","145","75","10"
"052264","120","130",
"052265","160","85","20"
"052274","115","125","180"
"052275","165","95","30"
"052284","115","120","180"
"052285","180","105","40"
"053014",,,
"053015","100","115","170"
"053016","175","105","40"
"053024",,,
"053025","95","105","165"
"053026",,,
"053034",,,
"053035","95","100","160"
"053036",,,
"053044",,,
"053045","85","90","150"
"053046",,,
"053054",,,
"053055","85","85","145"
"053056",,,
"053064",,,
"053065","80","80","135"
"053066",,,
"053074",,,
"053075","70","70","130"
"053076",,,
"053084",,,
"053085","65","65","125"
"053086",,,
"053094",,,
"053095","70","55","115"
"053096",,,
"053104",,,
"053105","80","50","110"
"053106",,,
"053114",,,
"053115","75","45","100"
"053116",,,
"053124",,,
"053125","70","35","95"
"053126",,,
"053134",,,
"053135","60","30","90"
"053136",,,
"053144",,,
"053145","55","20","80"
"053146",,,
"053154",,,
"053155","65","15","75"
"053164",,,
"053165","70","5","65"
"053174","180",,
"053175","75","5","60"
"053184","170",,
"053185","85","10","50"
"053194","165","175",
"053195","90","20","45"
"053204","160","170",
"053205","100","25","35"
"053214","150","160",
"053215","105","35","30"
"053224","145","155",
"053225","115","40","25"
"053234","135","150",
"053235","120","50","20"
"053244","130","140",
"053245","135","60","25"
"053254","125","135",
"053255","155","85","20"
"053264","115","125",
"053265","165","95","30"
"053274","110","120","180"
"053275","170","95","30"
"053284","110","120","180"
"053285","175","100","40"
"054014",,,
"054015","95","120","180"
"054016",,"110","45"
"054024",,,
"054025","85","115","175"
"054026",,"110","50"
"054034",,,
"054035","85","105","165"
"054036",,"130","65"
"054044",,,
"054045","80","95","155"
"054046",,,
"054054",,,
"054055","80","90","150"
"054056",,,
"054064",,,
"054065","70","85","140"
"054066",,,
"054074",,,
"054075","65","75","135"
"054076",,,
"054084",,,
"054085","60","70","130"
"054086",,,
"054094",,,
"054095","65","65","120"
"054096",,,
"054104",,,
"054105","75","50","110"
"054106",,,
"054114",,,
"054115","70","45","105"
"054116",,,
"054124",,,
"054125","70","35","95"
"054126",,,
"054134",,,
"054135","65","30","90"
"054136",,,
"054144",,,
"054145","50","30","90"
"054154",,,
"054155","60","20","80"
"054164",,,
"054165","65","10","70"
"054174","175",,
"054175","80","10","65"
"054184","170",,
"054185","90","15","65"
"054194","165",,
"054195","115","45","70"
"054204","155","175",
"054205","120","45","55"
"054214","145","170",
"054215","120","45","50"
"054224","135","160",
"054225","140","65","35"
"054234","130","150",
"054235","145","75","35"
"054244","120","145",
"054245","150","80","35"
"054254","115","140",
"054255","170","95","35"
"054264","110","135",
"054265","170","100","35"
"054274","100","125",
"054275","180","110","45"
"054284","100","125",
"054285",,"130","70"
"055014",,,
"055015","90","125",
"055016",,"140","75"
"055024",,,
"055025","85","120","180"
"055026",,"120","55"
"055034",,,
"055035","75","115","175"
"055036",,"125","60"
"055044",,,
"055045","70","105","160"
"055046",,"130","70"
"055054",,,
"055055","70","105","160"
"055056",,,
"055064",,,
"055065","60","90","150"
"055066",,,
"055074",,,
"055075","65","80","140"
"055076",,,
"055084",,,
"055085","50","75","135"
"055086",,,
"055094",,,
"055095","60","75","130"
"055096",,,
"055104",,,
"055105","70","75","135"
"055106",,,
"055114",,,
"055115","60","55","115"
"055116",,,
"055124",,,
"055125","65","50","105"
"055126",,,
"055134",,,
"055135","45","40","100"
"055136",,,
"055144",,,
"055145","45","30","90"
"055146",,,
"055154",,,
"055155","55","25","85"
"055164","180",,
"055165","60","20","80"
"055174","170",,
"055175","95","25","80"
"055184","165",,
"055185","95","25","80"
"055194","160",,
"055195","110","40","75"
"055204","150","175",
"055205","125","50","65"
"055214","145","170",
"055215","135","60","50"
"055224","135","160",
"055225","145","75","50"
"055234","130","155",
"055235","170","100","55"
"055244","120","150",
"055245","170","95","45"
"055254","115","145",
"055255","175","110","50"
"055264","105","140",
"055265",,"115","55"
"055274","100","130",
"055275",,"120","55"
"056014",,,
"056015","100","135",
"056016",,"140","75"
"056024",,,
"056025","100","130",
"056026",,,"165"
"056034",,,
"056035","90","125",
"056036",,"160","95"
"056044",,,
"056045","70","110","170"
"056046",,"135","70"
"056054",,,
"056055","60","110","170"
"056056",,"140","75"
"056064",,,
"056065","55","100","160"
"056066",,,"125"
"056074",,,
"056075","50","100","160"
"056076",,,
"056084",,,
"056085","45","85","145"
"056086",,"170","105"
"056094",,,
"056095","45","85","145"
"056096",,,
"056104",,,
"056105","40","75","135"
"056106",,,
"056114",,,
"056115","45","65","125"
"056116",,,
"056124",,,
"056125","55","60","115"
"056126",,,
"056134",,,
"056135","35","45","105"
"056136",,,
"056144",,,
"056145","35","40","100"
"056146",,,
"056154",,,
"056155","50","35","95"
"056164",,,
"056165","65","30","90"
"056174","180",,
"056175","75","35","100"
"056184","170",,
"056185","110","40","90"
"056194","165",,
"056195","115","45","85"
"056204","155","180",
"056205","130","60","80"
"056214","150","175",
"056215","155","85","95"
"056224","145","170",
"056225","160","125","85"
"056234","135","165",
"056235",,"120","60"
"056244","130","160",
"056245","170","120","55"
"056254","125","155",
"056255","165","115","55"
"056264","115","145",
"056265",,"130","70"
"056274","110","140",
"056275",,"130","65"
"057014",,,
"057015","105","145",
"057016","165","180","115"
"057024",,,
"057025","95","140",
"057026",,,"125"
"057034",,,
"057035","90","130",
"057036",,"160","100"
"057044",,,
"057045","85","135",
"057046",,"145","80"
"057054",,,
"057055","70","120","180"
"057056",,"145","80"
"057064",,,
"057065","55","110","165"
"057066",,"150","90"
"057074",,,
"057075","45","100","160"
"057076",,"160","95"
"057084",,,
"057085","40","90","150"
"057086",,"165","100"
"057094",,,
"057095","35","85","145"
"057096",,"180","115"
"057104",,,
"057105","35","75","135"
"057106",,,
"057114",,,
"057115","45","75","135"
"057116",,,
"057124",,,
"057125","50","65","125"
"057126",,,
"057134",,,
"057135","30","50","110"
"057136",,,
"057144",,,
"057145","30","50","110"
"057146",,,
"057154",,,
"057155","50","55","115"
"057164",,,
"057165","80","40","100"
"057174","180",,
"057175","85","45","105"
"057184","175",,
"057185","120","65","115"
"057194","170",,
"057195","110","55","110"
"057204","165",,
"057205","115","60","110"
"057214","155",,
"057215","115","105","115"
"057224","150","175",
"057225","140","145","80"
"057234","145","170",
"057235","175","130","70"
"057244","140","170",
"057245","150","135","70"
"057254","130","165",
"057255","150","130","65"
"057264","120","155",
"057265","160","150","85"
"057274","115","155",
"057275","165","140","80"
"058014",,,
"058015","100","155",
"058016","160","180","115"
"058024",,,
"058025","90","145",
"058026",,"180","115"
"058034",,,
"058035","85","140",
"058036",,"170","105"
"058044",,,
"058045","75","135",
"058046",,"165","100"
"058054",,,
"058055","65","125",
"058056",,"155","90"
"058064",,,
"058065","50","110","170"
"058066",,"170","105"
"058074",,,
"058075","45","105","165"
"058076",,"180","120"
"058084",,,
"058085","35","100","155"
"058086",,"180","120"
"058094",,,
"058095","30","95","155"
"058096",,,"145"
"058104",,,
"058105","20","85","145"
"058106",,,
"058114",,,
"058115","20","80","145"
"058116",,,
"058124",,,
"058125","20","85","145"
"058126",,,
"058134",,,
"058135","20","55","115"
"058136",,,
"058144",,,
"058145","30","60","120"
"058146",,,
"058154",,,
"058155","45","80","140"
"058164",,,
"058165","65","70","130"
"058174",,,
"058175","90","70","130"
"058184","180",,
"058185","80","80","135"
"058194","170",,
"058195","90","70","120"
"058204","160",,
"058205","100","90","145"
"058214","150",,
"058215","100","120","135"
"058224","145",,
"058225","105","130","95"
"058234","135","180",
"058235","115","140","80"
"058244","130","175",
"058245","130","140","80"
"058254","125","170",
"058255","135","140","80"
"058264","115","160",
"058265","140","170","105"
"058274","110","165",
"058275","150","175","110"
"059014",,,
"059015","100","160",
"059016",,,"140"
"059024",,,
"059025","90","150",
"059026",,,"120"
"059034",,,
"059035","80","140",
"059036",,"180","115"
"059044",,,
"059045","70","130",
"059046",,"170","105"
"059054",,,
"059055","60","125","180"
"059056",,,"130"
"059064",,,
"059065","55","115","175"
"059066",,,"135"
"059074",,,
"059075","55","115","175"
"059076",,,"130"
"059084",,,
"059085","55","115","175"
"059086",,,"135"
"059094",,,
"059095","30","95","155"
"059096",,,"145"
"059104",,,
"059105","20","85","145"
"059106",,,
"059114",,,
"059115","10","75","140"
"059116",,,
"059124",,,
"059125","10","70","130"
"059126",,,
"059134",,,
"059135","15","65","125"
"059136",,,
"059144",,,
"059145","40","80","140"
"059146",,,
"059154",,,
"059155","35","95","155"
"059164",,,
"059165","50","100","160"
"059174","175",,
"059175","75","105","165"
"059184","170",,
"059185","60","100","155"
"059194","160",,
"059195","70","120","150"
"059204","150",,
"059205","80","130","140"
"059214","145",,
"059215","90","130","130"
"059224","135",,
"059225","100","135","120"
"059234","130",,
"059235","110","145","110"
"059244","120","180",
"059245","120","155","95"
"059254","115","175",
"059255","130","160","100"
"059264","110","170",
"059265","155",,"130"
"059274","105","165",
"059275",,,"175"
"060014",,,
"060015","95","155",
"060016",,,"150"
"060024",,,
"060025","90","150",
"060026",,,"130"
"060034",,,
"060035","85","145",
"060036",,,"120"
"060044",,,
"060045","80","140",
"060046",,"180","115"
"060054",,,
"060055","70","130",
"060056",,,"145"
"060064",,,
"060065","75","135",
"060066",,,"140"
"060074",,,
"060075","80","140",
"060076",,,"170"
"060084",,,
"060085","80","140",
"060086",,,"155"
"060094",,,
"060095","40","105","165"
"060096",,,"155"
"060104",,,
"060105","25","90","155"
"060106",,,
"060114",,,
"060115","15","80","140"
"060116",,,
"060124",,,
"060125","5","75","135"
"060126",,,
"060134",,,
"060135","5","80","140"
"060136",,,
"060144",,,
"060145","10","85","150"
"060146",,,
"060154",,,
"060155","20","95","155"
"060164",,,
"060165","35","110","170"
"060174",,,
"060175","65","130","180"
"060184","175",,
"060185","55","115","165"
"060194","160",,
"060195","65","125","160"
"060204","150",,
"060205","90","145","160"
"060214","140",,
"060215","100","150","135"
"060224","135",,
"060225","95","155","130"
"060234","130",,
"060235","110","165","125"
"060244","125","180",
"060245","135","175","120"
"060254","115","175",
"060255","165",,"135"
"060264","105","170",
"060265","170",,"140"
"060274","105","165",
"060275",,,"175"
"061014",,,
"061015","100","165",
"061016",,,"175"
"061024",,,
"061025","100","160",
"061026",,,"155"
"061034",,,
"061035","95","155",
"061036",,,"130"
"061044",,,
"061045","90","155",
"061046",,,"155"
"061054",,,
"061055","85","145",
"061056",,,"155"
"061064",,,
"061065","80","145",
"061066",,,"150"
"061074",,,
"061075","65","130",
"061076",,,
"061084",,,
"061085","50","115","175"
"061086",,,
"061094",,,
"061095","45","110","170"
"061096",,,
"061104",,,
"061105","35","110","170"
"061106",,,
"061114",,,
"061115","15","90","150"
"061116",,,
"061124",,,
"061125","10","85","145"
"061126",,,
"061134",,,
"061135","25","100","160"
"061136",,,
"061144",,,
"061145","15","95","155"
"061146",,,
"061154",,,
"061155","20","95","160"
"061164",,,
"061165","30","105","165"
"061174",,,
"061175","35","110","170"
"061184","180",,
"061185","40","115","175"
"061194","170",,
"061195","60","135","175"
"061204","155",,
"061205","65","140","175"
"061214","150",,
"061215","75","155","150"
"061224","155",,
"061225","85","160","140"
"061234","140",,
"061235","105","180","160"
"061244","125",,
"061245","135",,
"061254","125",,
"061255",,,
"061264","115","175",
"061265",,,
"061274","115","175",
"061275",,,
"062014",,,
"062015","110","175",
"062016",,,
"062024",,,
"062025","110","170",
"062026",,,"150"
"062034",,,
"062035","100","160",
"062036",,,"140"
"062044",,,
"062045","105","165",
"062046",,,"160"
"062054",,,
"062055","85","145",
"062056",,,"170"
"062064",,,
"062065","75","140",
"062066",,,
"062074",,,
"062075","65","130",
"062076",,,
"062084",,,
"062085","65","130",
"062086",,,
"062094",,,
"062095","75","145",
"062096",,,
"062104",,,
"062105","45","120","180"
"062106",,,
"062114",,,
"062115","20","100","160"
"062116",,,
"062124",,,
"062125","15","90","155"
"062126",,,
"062134",,,
"062135","35","110","170"
"062136",,,
"062144",,,
"062145","40","115","175"
"062146",,,
"062154",,,
"062155","30","105","165"
"062164",,,
"062165","30","105","170"
"062174",,,
"062175","40","120","180"
"062184",,,
"062185","45","120","180"
"062194","170",,
"062195","50","125","175"
"062204","165",,
"062205","60","135","165"
"062214","160",,
"062215","70","145","155"
"062224","150",,
"062225","95","175","165"
"062234","140",,
"062235","125",,
"062244","135",,
"062245","150",,
"062254","130",,
"062255","165",,
"062264","125",,
"062265","175",,
"062274","120","180",
"062275",,,
"063014",,,
"063015","135",,
"063016",,,"170"
"063024",,,
"063025","130",,
"063026","180",,"150"
"063034",,,
"063035","110","170",
"063036",,,"180"
"063044",,,
"063045","100","160",
"063046",,,"170"
"063054",,,
"063055","90","155",
"063056",,,"175"
"063064",,,
"063065","85","150",
"063066",,,
"063074",,,
"063075","75","145",
"063076",,,
"063084",,,
"063085","80","155",
"063086",,,
"063094",,,
"063095","55","130",
"063096",,,
"063104",,,
"063105","30","105","170"
"063106",,,
"063114",,,
"063115","25","100","160"
"063116",,,
"063124",,,
"063125","25","100","160"
"063126",,,
"063134",,,
"063135","40","115","175"
"063136",,,
"063144",,,
"063145","40","120","180"
"063146",,,
"063154",,,
"063155","45","120","180"
"063164",,,
"063165","45","120","180"
"063174",,,
"063175","60","135",
"063184",,,
"063185","90","165",
"063194","180",,
"063195","60","135","175"
"063204","170",,
"063205","60","135","175"
"063214","165",,
"063215","100","175",
"063224","155",,
"063225","120",,
"063234","145",,
"063235","145",,
"063244","140",,
"063245","145",,
"063254","140",,
"063255","140",,
"063264","130",,
"063265","175",,
"063274","130",,
"063275",,,
"064014",,,
"064015","140",,
"064016","155",,"170"
"064024",,,
"064025","155",,
"064026","165",,"165"
"064034",,,
"064035",,,
"064036",,,
"064044",,,
"064045","105","170",
"064046",,,
"064054",,,
"064055","110","175",
"064056",,,"180"
"064064",,,
"064065","110","175",
"064066",,,
"064074",,,
"064075","75","150",
"064076",,,
"064084",,,
"064085","65","145",
"064086",,,
"064094",,,
"064095","50","125",
"064096",,,
"064104",,,
"064105","35","110","170"
"064106",,,
"064114",,,
"064115","35","115","175"
"064116",,,
"064124",,,
"064125","40","115","175"
"064126",,,
"064134",,,
"064135","40","115","180"
"064136",,,
"064144",,,
"064145","55","130",
"064146",,,
"064154",,,
"064155","75","150",
"064164",,,
"064165","65","140",
"064174",,,
"064175","65","140",
"064184",,,
"064185","95","170",
"064194",,,
"064195","85","160",
"064204","175",,
"064205","70","145",
"064214","170",,
"064215","70","150",
"064224","160",,
"064225","105","180",
"064234","150",,
"064235","130",,
"064244","155",,
"064245","125",,
"064254","150",,
"064255","130",,
"064264","140",,
"064265","140",,
"064274","140",,
"064275","150",,
"065014",,,
"065015","150",,
"065016","165",,"180"
"065024",,,
"065025","160",,
"065026","170",,"175"
"065034",,,
"065035","145",,
"065036",,,
"065044",,,
"065045","115","180",
"065046",,,
"065054",,,
"065055","130",,
"065056",,,
"065064",,,
"065065","135",,
"065066",,,
"065074",,,
"065075","95","170",
"065076",,,
"065084",,,
"065085","65","140",
"065086",,,
"065094",,,
"065095","50","125",
"065096",,,
"065104",,,
"065105","40","120","180"
"065106",,,
"065114",,,
"065115","55","130",
"065116",,,
"065124",,,
"065125","50","130",
"065126",,,
"065134",,,
"065135","55","135",
"065136",,,
"065144",,,
"065145","75","150",
"065146",,,
"065154",,,
"065155","75","150",
"065164",,,
"065165","95","170",
"065174",,,
"065175","125",,
"065184",,,
"065185","120",,
"065194",,,
"065195","115",,
"065204","180",,
"065205","85","160",
"065214","170",,
"065215","75","150",
"065224","160",,
"065225","115",,
"065234","160",,
"065235","115",,
"065244","160",,
"065245","115",,
"065254","165",,
"065255","125",,
"065264","150",,
"065265","170",,
"065274","160",,
"065275","165",,
"066014",,,
"066015","155",,
"066016",,,
"066024",,,
"066025","160",,
"066026","180",,
"066034",,,
"066035",,,
"066036",,,
"066044",,,
"066045","140",,
"066046",,,
"066054",,,
"066055","150",,
"066056",,,
"066064",,,
"066065","160",,
"066066",,,
"066074",,,
"066075","180",,
"066076",,,
"066084",,,
"066085","70","145",
"066086",,,
"066094",,,
"066095","55","130",
"066096",,,
"066104",,,
"066105","50","125",
"066106",,,
"066114",,,
"066115","60","135",
"066116",,,
"066124",,,
"066125","65","140",
"066126",,,
"066134",,,
"066135","70","145",
"066136",,,
"066144",,,
"066145","90","170",
"066146",,,
"066154",,,
"066155","90","165",
"066164",,,
"066165","105","180",
"066174",,,
"066175",,,
"066184",,,
"066185","150",,
"066194",,,
"066195","125",,
"066204","180",,
"066205","120",,
"066214","175",,
"066215","80","160",
"066224","165",,
"066225","90","165",
"066234","170",,
"066235","100","175",
"066244","175",,
"066245","110",,
"066254",,,
"066255","120",,
"066264","180",,
"066265",,,
"066274","170",,
"066275",,,
"067014",,,
"067015","160",,
"067016",,,
"067024",,,
"067025","175",,
"067026",,,
"067034",,,
"067035","175",,
"067036",,,
"067044",,,
"067045","165",,
"067046",,,
"067054",,,
"067055",,,
"067056",,,
"067064",,,
"067065",,,
"067066",,,
"067074",,,
"067075",,,
"067076",,,
"067084",,,
"067085","65","140",
"067086",,,
"067094",,,
"067095","60","135",
"067096",,,
"067104",,,
"067105","60","135",
"067106",,,
"067114",,,
"067115","65","140",
"067116",,,
"067124",,,
"067125","85","160",
"067126",,,
"067134",,,
"067135","95","170",
"067136",,,
"067144",,,
"067145","115",,
"067146",,,
"067154",,,
"067155","115",,
"067164",,,
"067165",,,
"067174",,,
"067175",,,
"067184",,,
"067185","155",,
"067194",,,
"067195","150",,
"067204",,,
"067205","105","180",
"067214","180",,
"067215","90","170",
"067224","175",,
"067225","90","170",
"067234","180",,
"067235","105","180",
"067244","180",,
"067245","130",,
"067254",,,
"067255","150",,
"067264","180",,
"067265",,,
"067274","175",,
"067275",,,
"068014",,,
"068015","170",,
"068016",,,
"068024",,,
"068025",,,
"068026",,,
"068034",,,
"068035",,,
"068036",,,
"068044",,,
"068045",,,
"068046",,,
"068054",,,
"068055",,,
"068056",,,
"068064",,,
"068065",,,
"068066",,,
"068074",,,
"068075",,,
"068076",,,
"068084",,,
"068085","80","160",
"068086",,,
"068094",,,
"068095","65","140",
"068096",,,
"068104",,,
"068105","80","155",
"068106",,,
"068114",,,
"068115","100","175",
"068116",,,
"068124",,,
"068125","115",,
"068126",,,
"068134",,,
"068135","115",,
"068136",,,
"068144",,,
"068145","150",,
"068146",,,
"068154",,,
"068155",,,
"068164",,,
"068165",,,
"068174",,,
"068175",,,
"068184",,,
"068185","160",,
"068194",,,
"068195","140",,
"068204",,,
"068205","125",,
"068214",,,
"068215","100","180",
"068224",,,
"068225","100","175",
"068234",,,
"068235","115",,
"068244",,,
"068245","150",,
"068254",,,
"068255","155",,
"068264",,,
"068265","175",,
"068274","180",,
"068275",,,
"069014",,,
"069015","175",,
"069016",,,
"069024",,,
"069025",,,
"069026",,,
"069034",,,
"069035",,,
"069036",,,
"069044",,,
"069045",,,
"069046",,,
"069054",,,
"069055",,,
"069056",,,
"069064",,,
"069065",,,
"069066",,,
"069074",,,
"069075",,,
"069076",,,
"069084",,,
"069085","85","160",
"069086",,,
"069094",,,
"069095","75","150",
"069096",,,
"069104",,,
"069105","100","175",
"069106",,,
"069114",,,
"069115","135",,
"069116",,,
"069124",,,
"069125",,,
"069126",,,
"069134",,,
"069135",,,
"069136",,,
"069144",,,
"069145","175",,
"069146",,,
"069154",,,
"069155",,,
"069164",,,
"069165",,,
"069174",,,
"069175",,,
"069184",,,
"069185","180",,
"069194",,,
"069195","130",,
"069204",,,
"069205","120",,
"069214",,,
"069215","110",,
"069224",,,
"069225","105","180",
"069234",,,
"069235","120",,
"069244",,,
"069245","155",,
"069254",,,
"069255","145",,
"069264","180",,
"069265","155",,
"069274","180",,
"069275",,,
"070014",,,
"070015","165",,
"070016","165",,
"070024",,,
"070025","165",,
"070026","170",,
"070034",,,
"070035",,,
"070036",,,
"070044",,,
"070045","180",,
"070046",,,
"070054",,,
"070055","180",,
"070056",,,
"070064",,,
"070065",,,
"070066",,,
"070074",,,
"070075",,,
"070076",,,
"070084",,,
"070085","100","175",
"070086",,,
"070094",,,
"070095","80","155",
"070096",,,
"070104",,,
"070105","110",,
"070106",,,
"070114",,,
"070115","130",,
"070116",,,
"070124",,,
"070125","165",,
"070126",,,
"070134",,,
"070135",,,
"070136",,,
"070144",,,
"070145",,,
"070146",,,
"070154",,,
"070155",,,
"070164",,,
"070165",,,
"070174",,,
"070175","175",,
"070184",,,
"070185","155",,
"070194",,,
"070195","140",,
"070204",,,
"070205","130",,
"070214",,,
"070215","120",,
"070224",,,
"070225","115",,
"070234",,,
"070235","120",,
"070244",,,
"070245","125",,
"070254",,,
"070255","135",,
"070264","180",,
"070265","145",,
"070274","180",,
"070275","155",,
"071014",,,
"071015","170",,
"071016","155",,
"071024",,,
"071025","160",,
"071026","160",,
"071034",,,
"071035","155",,
"071036","170",,
"071044",,,
"071045","155",,
"071046","180",,
"071054",,,
"071055","150",,
"071056",,,
"071064",,,
"071065","155",,
"071066",,,
"071074",,,
"071075",,,
"071076",,,
"071084",,,
"071085","105","180",
"071086",,,
"071094",,,
"071095","85","165",
"071096",,,
"071104",,,
"071105","115",,
"071106",,,
"071114",,,
"071115","145",,
"071116",,,
"071124",,,
"071125",,,
"071126",,,
"071134",,,
"071135","175",,
"071136",,,
"071144",,,
"071145","175",,
"071146",,,
"071154",,,
"071155","175",,
"071164",,,
"071165","180",,
"071174",,,
"071175","180",,
"071184",,,
"071185","155",,
"071194",,,
"071195","140",,
"071204",,,
"071205","135",,
"071214",,,
"071215","125",,
"071224",,,
"071225","120",,
"071234",,,
"071235","130",,
"071244",,,
"071245","135",,
"071254",,,
"071255","140",,
"071264","180",,
"071265","145",,
"072014",,,
"072015","180",,
"072016","155",,
"072024",,,
"072025","165",,
"072026","160",,
"072034",,,
"072035","150",,
"072036","170",,
"072044",,,
"072045","140",,
"072046","175",,
"072054",,,
"072055","135",,
"072056","180",,
"072064",,,
"072065","130",,
"072066",,,
"072074",,,
"072075","145",,
"072076",,,
"072084",,,
"072085","125",,
"072086",,,
"072094",,,
"072095","95","170",
"072096",,,
"072104",,,
"072105","105","180",
"072106",,,
"072114",,,
"072115","120",,
"072116",,,
"072124",,,
"072125","145",,
"072126",,,
"072134",,,
"072135","150",,
"072136",,,
"072144",,,
"072145","165",,
"072146",,,
"072154",,,
"072155","165",,
"072164",,,
"072165","175",,
"072174",,,
"072175","170",,
"072184",,,
"072185","165",,
"072194",,,
"072195","150",,
"072204",,,
"072205","140",,
"072214",,,
"072215","130",,
"072224",,,
"072225","130",,
"072234",,,
"072235","145",,
"072244",,,
"072245","155",,
"072254",,,
"072255","150",,
"072264",,,
"072265","150",,
"073014",,,
"073015",,,
"073016","160",,
"073024",,,
"073025",,,
"073026","170",,
"073034",,,
"073035","155",,
"073036","175",,
"073044",,,
"073045","145",,
"073046",,,
"073054",,,
"073055","135",,
"073056",,,
"073064",,,
"073065","125",,
"073066",,,
"073074",,,
"073075","120",,
"073076",,,
"073084",,,
"073085","110",,
"073086",,,
"073094",,,
"073095","100","180",
"073096",,,
"073104",,,
"073105","105","180",
"073106",,,
"073114",,,
"073115","110",,
"073116",,,
"073124",,,
"073125","120",,
"073126",,,
"073134",,,
"073135","125",,
"073136",,,
"073144",,,
"073145","145",,
"073146",,,
"073154",,,
"073155","155",,
"073164",,,
"073165","155",,
"073174",,,
"073175","160",,
"073184",,,
"073185","165",,
"073194",,,
"073195","160",,
"073204",,,
"073205","145",,
"073214",,,
"073215","135",,
"073224",,,
"073225","135",,
"073234",,,
"073235","145",,
"073244",,,
"073245",,,
"073254",,,
"073255",,,
"073264",,,
"073265","160",,
"074014",,,
"074015",,,
"074016","170",,
"074024",,,
"074025",,,
"074026","180",,
"074034",,,
"074035",,,
"074036",,,
"074044",,,
"074045","165",,
"074046",,,
"074054",,,
"074055","145",,
"074056",,,
"074064",,,
"074065","145",,
"074066",,,
"074074",,,
"074075",,,
"074076",,,
"074084",,,
"074085","120",,
"074086",,,
"074094",,,
"074095","130",,
"074096",,,
"074104",,,
"074105","115",,
"074106",,,
"074114",,,
"074115","145",,
"074116",,,
"074124",,,
"074125","135",,
"074126",,,
"074134",,,
"074135","130",,
"074136",,,
"074144",,,
"074145","135",,
"074146",,,
"074154",,,
"074155","140",,
"074164",,,
"074165","150",,
"074174",,,
"074175","155",,
"074184",,,
"074185","160",,
"074194",,,
"074195","160",,
"074204",,,
"074205","150",,
"074214",,,
"074215","140",,
"074224",,,
"074225","145",,
"074234",,,
"074235","155",,
"074244",,,
"074245","170",,
"074254",,,
"074255","180",,
"074264",,,
"074265","180",,
"075014",,,
"075015",,,
"075016","180",,
"075024",,,
"075025",,,
"075026",,,
"075034",,,
"075035",,,
"075036",,,
"075044",,,
"075045",,,
"075046",,,
"075054",,,
"075055","170",,
"075056",,,
"075064",,,
"075065","150",,
"075066",,,
"075074",,,
"075075","160",,
"075076",,,
"075084",,,
"075085",,,
"075086",,,
"075094",,,
"075095",,,
"075096",,,
"075104",,,
"075105",,,
"075106",,,
"075114",,,
"075115",,,
"075116",,,
"075124",,,
"075125",,,
"075126",,,
"075134",,,
"075135","165",,
"075136",,,
"075144",,,
"075145","155",,
"075154",,,
"075155","150",,
"075164",,,
"075165","155",,
"075174",,,
"075175","160",,
"075184",,,
"075185","170",,
"075194",,,
"075195","160",,
"075204",,,
"075205","150",,
"075214",,,
"075215","150",,
"075224",,,
"075225","160",,
"075234",,,
"075235","165",,
"075244",,,
"075245","170",,
"075254",,,
"075255","180",,
"075264",,,
"075265","180",,
"076014",,,
"076015",,,
"076016",,,
"076024",,,
"076025",,,
"076026",,,
"076034",,,
"076035",,,
"076036",,,
"076044",,,
"076045","180",,
"076046",,,
"076054",,,
"076055","165",,
"076056",,,
"076064",,,
"076065","160",,
"076066",,,
"076074",,,
"076075","160",,
"076076",,,
"076084",,,
"076085","175",,
"076086",,,
"076094",,,
"076095",,,
"076096",,,
"076104",,,
"076105",,,
"076106",,,
"076114",,,
"076115",,,
"076116",,,
"076124",,,
"076125",,,
"076126",,,
"076134",,,
"076135","175",,
"076136",,,
"076144",,,
"076145","160",,
"076154",,,
"076155","170",,
"076164",,,
"076165","170",,
"076174",,,
"076175","170",,
"076184",,,
"076185","175",,
"076194",,,
"076195","170",,
"076204",,,
"076205","160",,
"076214",,,
"076215","155",,
"076224",,,
"076225","165",,
"076234",,,
"076235","170",,
"076244",,,
"076245",,,
"076254",,,
"076255",,,
"076264",,,
"076265",,,
"077014",,,
"077015",,,
"077016",,,
"077024",,,
"077025",,,
"077026",,,
"077034",,,
"077035",,,
"077036",,,
"077044",,,
"077045","175",,
"077046",,,
"077054",,,
"077055","175",,
"077056",,,
"077064",,,
"077065",,,
"077066",,,
"077074",,,
"077075","165",,
"077076",,,
"077084",,,
"077085","170",,
"077086",,,
"077094",,,
"077095",,,
"077096",,,
"077104",,,
"077105",,,
"077106",,,
"077114",,,
"077115",,,
"077116",,,
"077124",,,
"077125",,,
"077126",,,
"077134",,,
"077135","175",,
"077136",,,
"077144",,,
"077145","170",,
"077154",,,
"077155",,,
"077164",,,
"077165","175",,
"077174",,,
"077175","175",,
"077184",,,
"077185",,,
"077194",,,
"077195","175",,
"077204",,,
"077205","165",,
"077214",,,
"077215","165",,
"077224",,,
"077225","170",,
"077234",,,
"077235","180",,
"077244",,,
"077245",,,
"077254",,,
"077255",,,
"077264",,,
"077265",,,
"078014",,,
"078015",,,
"078016",,,
"078024",,,
"078025",,,
"078026",,,
"078034",,,
"078035",,,
"078036",,,
"078044",,,
"078045",,,
"078046",,,
"078054",,,
"078055",,,
"078056",,,
"078064",,,
"078065",,,
"078066",,,
"078074",,,
"078075",,,
"078076",,,
"078084",,,
"078085","175",,
"078086",,,
"078094",,,
"078095",,,
"078096",,,
"078104",,,
"078105",,,
"078106",,,
"078114",,,
"078115",,,
"078116",,,
"078124",,,
"078125",,,
"078126",,,
"078134",,,
"078135","180",,
"078136",,,
"078144",,,
"078145",,,
"078154",,,
"078155",,,
"078164",,,
"078165",,,
"078174",,,
"078175",,,
"078184",,,
"078185",,,
"078194",,,
"078195","180",,
"078204",,,
"078205","170",,
"078214",,,
"078215","170",,
"078224",,,
"078225","175",,
"078234",,,
"078235",,,
"078244",,,
"078245",,,
"078254",,,
"078255",,,
"078264",,,
"078265",,,
"079014",,,
"079015",,,
"079016",,,
"079024",,,
"079025",,,
"079026",,,
"079034",,,
"079035",,,
"079036",,,
"079044",,,
"079045",,,
"079046",,,
"079054",,,
"079055",,,
"079056",,,
"079064",,,
"079065",,,
"079066",,,
"079074",,,
"079075",,,
"079076",,,
"079084",,,
"079085",,,
"079086",,,
"079094",,,
"079095",,,
"079096",,,
"079104",,,
"079105",,,
"079106",,,
"079114",,,
"079115",,,
"079116",,,
"079124",,,
"079125",,,
"079126",,,
"079134",,,
"079135",,,
"079136",,,
"079144",,,
"079145",,,
"079154",,,
"079155",,,
"079164",,,
"079165",,,
"079174",,,
"079175",,,
"079184",,,
"079185",,,
"079194",,,
"079195",,,
"079204",,,
"079205","175",,
"079214",,,
"079215","175",,
"079224",,,
"079225",,,
"079234",,,
"079235",,,
"079244",,,
"079245",,,
"079254",,,
"079255",,,
"079264",,,
"079265",,,
"080014",,,
"080015",,,
"080016",,,
"080024",,,
"080025",,,
"080026",,,
"080034",,,
"080035",,,
"080036",,,
"080044",,,
"080045",,,
"080046",,,
"080054",,,
"080055",,,
"080056",,,
"080064",,,
"080065",,,
"080066",,,
"080074",,,
"080075",,,
"080076",,,
"080084",,,
"080085",,,
"080086",,,
"080094",,,
"080095",,,
"080096",,,
"080104",,,
"080105",,,
"080106",,,
"080114",,,
"080115",,,
"080116",,,
"080124",,,
"080125",,,
"080126",,,
"080134",,,
"080135",,,
"080136",,,
"080144",,,
"080145",,,
"080154",,,
"080155",,,
"080164",,,
"080165",,,
"080174",,,
"080175",,,
"080184",,,
"080185",,,
"080194",,,
"080195",,,
"080204",,,
"080205",,,
"080214",,,
"080215",,,
"080224",,,
"080225",,,
"080234",,,
"080235",,,
"080244",,,
"080245",,,
"080254",,,
"080255",,,
"080264",,,
"080265",,,
"081014",,,
"081015",,,
"081016",,,
"081024",,,
"081025",,,
"081026",,,
"081034",,,
"081035",,,
"081036",,,
"081044",,,
"081045",,,
"081046",,,
"081054",,,
"081055",,,
"081056",,,
"081064",,,
"081065",,,
"081066",,,
"081074",,,
"081075",,,
"081076",,,
"081084",,,
"081085",,,
"081086",,,
"081094",,,
"081095",,,
"081096",,,
"081104",,,
"081105",,,
"081106",,,
"081114",,,
"081115",,,
"081116",,,
"081124",,,
"081125",,,
"081126",,,
"081134",,,
"081135",,,
"081136",,,
"081144",,,
"081145",,,
"081154",,,
"081155",,,
"081164",,,
"081165",,,
"081174",,,
"081175",,,
"081184",,,
"081185",,,
"081194",,,
"081195",,,
"081204",,,
"081205",,,
"081214",,,
"081215",,,
"081224",,,
"081225",,,
"081234",,,
"081235",,,
"081244",,,
"081245",,,
"081254",,,
"081255",,,
"081264",,,
"081265",,,
"082014",,,
"082015",,,
"082016",,,
"082024",,,
"082025",,,
"082026",,,
"082034",,,
"082035",,,
"082036",,,
"082044",,,
"082045",,,
"082046",,,
"082054",,,
"082055",,,
"082056",,,
"082064",,,
"082065",,,
"082066",,,
"082074",,,
"082075",,,
"082076",,,
"082084",,,
"082085",,,
"082086",,,
"082094",,,
"082095",,,
"082096",,,
"082104",,,
"082105",,,
"082106",,,
"082114",,,
"082115",,,
"082116",,,
"082124",,,
"082125",,,
"082126",,,
"082134",,,
"082135",,,
"082136",,,
"082144",,,
"082145",,,
"082154",,,
"082155",,,
"082164",,,
"082165",,,
"082174",,,
"082175",,,
"082184",,,
"082185",,,
"082194",,,
"082195",,,
"082204",,,
"082205",,,
"082214",,,
"082215",,,
"082224",,,
"082225",,,
"082234",,,
"082235",,,
"082244",,,
"082245",,,
"082254",,,
"082255",,,
"082264",,,
"082265",,,
"083014",,,
"083015",,,
"083016",,,
"083024",,,
"083025",,,
"083026",,,
"083034",,,
"083035",,,
"083036",,,
"083044",,,
"083045",,,
"083046",,,
"083054",,,
"083055",,,
"083056",,,
"083064",,,
"083065",,,
"083066",,,
"083074",,,
"083075",,,
"083076",,,
"083084",,,
"083085",,,
"083086",,,
"083094",,,
"083095",,,
"083096",,,
"083104",,,
"083105",,,
"083106",,,
"083114",,,
"083115",,,
"083116",,,
"083124",,,
"083125",,,
"083126",,,
"083134",,,
"083135",,,
"083136",,,
"083144",,,
"083145",,,
"083154",,,
"083155",,,
"083164",,,
"083165",,,
"083174",,,
"083175",,,
"083184",,,
"083185",,,
"083194",,,
"083195",,,
"083204",,,
"083205",,,
"083214",,,
"083215",,,
"083224",,,
"083225",,,
"083234",,,
"083235",,,
"083244",,,
"083245",,,
"083254",,,
"083255",,,
"083264",,,
"083265",,,
"084014",,,
"084015",,,
"084016",,,
"084024",,,
"084025",,,
"084026",,,
"084034",,,
"084035",,,
"084036",,,
"084044",,,
"084045",,,
"084046",,,
"084054",,,
"084055",,,
"084056",,,
"084064",,,
"084065",,,
"084066",,,
"084074",,,
"084075",,,
"084076",,,
"084084",,,
"084085",,,
"084086",,,
"084094",,,
"084095",,,
"084096",,,
"084104",,,
"084105",,,
"084106",,,
"084114",,,
"084115",,,
"084116",,,
"084124",,,
"084125",,,
"084126",,,
"084134",,,
"084135",,,
"084136",,,
"084144",,,
"084145",,,
"084154",,,
"084155",,,
"084164",,,
"084165",,,
"084174",,,
"084175",,,
"084184",,,
"084185",,,
"084194",,,
"084195",,,
"084204",,,
"084205",,,
"084214",,,
"084215",,,
"084224",,,
"084225",,,
"084234",,,
"084235",,,
"084244",,,
"084245",,,
"084254",,,
"084255",,,
"084264",,,
"084265",,,
"085014",,,
"085015",,,
"085016",,,
"085024",,,
"085025",,,
"085026",,,
"085034",,,
"085035",,,
"085036",,,
"085044",,,
"085045",,,
"085046",,,
"085054",,,
"085055",,,
"085056",,,
"085064",,,
"085065",,,
"085066",,,
"085074",,,
"085075",,,
"085076",,,
"085084",,,
"085085",,,
"085086",,,
"085094",,,
"085095",,,
"085096",,,
"085104",,,
"085105",,,
"085106",,,
"085114",,,
"085115",,,
"085116",,,
"085124",,,
"085125",,,
"085126",,,
"085134",,,
"085135",,,
"085136",,,
"085144",,,
"085145",,,
"085154",,,
"085155",,,
"085164",,,
"085165",,,
"085174",,,
"085175",,,
"085184",,,
"085185",,,
"085194",,,
"085195",,,
"085204",,,
"085205",,,
"085214",,,
"085215",,,
"085224",,,
"085225",,,
"085234",,,
"085235",,,
"085244",,,
"085245",,,
"085254",,,
"085255",,,
"085264",,,
"085265",,,
"086014",,,
"086015",,,
"086016",,,
"086024",,,
"086025",,,
"086026",,,
"086034",,,
"086035",,,
"086036",,,
"086044",,,
"086045",,,
"086046",,,
"086054",,,
"086055",,,
"086056",,,
"086064",,,
"086065",,,
"086066",,,
"086074",,,
"086075",,,
"086076",,,
"086084",,,
"086085",,,
"086086",,,
"086094",,,
"086095",,,
"086096",,,
"086104",,,
"086105",,,
"086106",,,
"086114",,,
"086115",,,
"086116",,,
"086124",,,
"086125",,,
"086126",,,
"086134",,,
"086135",,,
"086136",,,
"086144",,,
"086145",,,
"086154",,,
"086155",,,
"086164",,,
"086165",,,
"086174",,,
"086175",,,
"086184",,,
"086185",,,
"086194",,,
"086195",,,
"086204",,,
"086205",,,
"086214",,,
"086215",,,
"086224",,,
"086225",,,
"086234",,,
"086235",,,
"086244",,,
"086245",,,
"086254",,,
"086255",,,
"086264",,,
"086265",,,
"087014",,,
"087015",,,
"087016",,,
"087024",,,
"087025",,,
"087026",,,
"087034",,,
"087035",,,
"087036",,,
"087044",,,
"087045",,,
"087046",,,
"087054",,,
"087055",,,
"087056",,,
"087064",,,
"087065",,,
"087066",,,
"087074",,,
"087075",,,
"087076",,,
"087084",,,
"087085",,,
"087086",,,
"087094",,,
"087095",,,
"087096",,,
"087104",,,
"087105",,,
"087106",,,
"087114",,,
"087115",,,
"087116",,,
"087124",,,
"087125",,,
"087126",,,
"087134",,,
"087135",,,
"087136",,,
"087144",,,
"087145",,,
"087154",,,
"087155",,,
"087164",,,
"087165",,,
"087174",,,
"087175",,,
"087184",,,
"087185",,,
"087194",,,
"087195",,,
"087204",,,
"087205",,,
"087214",,,
"087215",,,
"087224",,,
"087225",,,
"087234",,,
"087235",,,
"087244",,,
"087245",,,
"087254",,,
"087255",,,
"087264",,,
"087265",,,
"088014",,,
"088015",,,
"088016",,,
"088024",,,
"088025",,,
"088026",,,
"088034",,,
"088035",,,
"088036",,,
"088044",,,
"088045",,,
"088046",,,
"088054",,,
"088055",,,
"088056",,,
"088064",,,
"088065",,,
"088066",,,
"088074",,,
"088075",,,
"088076",,,
"088084",,,
"088085",,,
"088086",,,
"088094",,,
"088095",,,
"088096",,,
"088104",,,
"088105",,,
"088106",,,
"088114",,,
"088115",,,
"088116",,,
"088124",,,
"088125",,,
"088126",,,
"088134",,,
"088135",,,
"088136",,,
"088144",,,
"088145",,,
"088154",,,
"088155",,,
"088164",,,
"088165",,,
"088174",,,
"088175",,,
"088184",,,
"088185",,,
"088194",,,
"088195",,,
"088204",,,
"088205",,,
"088214",,,
"088215",,,
"088224",,,
"088225",,,
"088234",,,
"088235",,,
"088244",,,
"088245",,,
"088254",,,
"088255",,,
"088264",,,
"088265",,,
"089014",,,
"089015",,,
"089016",,,
"089024",,,
"089025",,,
"089026",,,
"089034",,,
"089035",,,
"089036",,,
"089044",,,
"089045",,,
"089046",,,
"089054",,,
"089055",,,
"089056",,,
"089064",,,
"089065",,,
"089066",,,
"089074",,,
"089075",,,
"089076",,,
"089084",,,
"089085",,,
"089086",,,
"089094",,,
"089095",,,
"089096",,,
"089104",,,
"089105",,,
"089106",,,
"089114",,,
"089115",,,
"089116",,,
"089124",,,
"089125",,,
"089126",,,
"089134",,,
"089135",,,
"089136",,,
"089144",,,
"089145",,,
"089154",,,
"089155",,,
"089164",,,
"089165",,,
"089174",,,
"089175",,,
"089184",,,
"089185",,,
"089194",,,
"089195",,,
"089204",,,
"089205",,,
"089214",,,
"089215",,,
"089224",,,
"089225",,,
"089234",,,
"089235",,,
"089244",,,
"089245",,,
"089254",,,
"089255",,,
"089264",,,
"089265",,,
"090014",,,
"090015",,,
"090016",,,
"090024",,,
"090025",,,
"090026",,,
"090034",,,
"090035",,,
"090036",,,
"090044",,,
"090045",,,
"090046",,,
"090054",,,
"090055",,,
"090056",,,
"090064",,,
"090065",,,
"090066",,,
"090074",,,
"090075",,,
"090076",,,
"090084",,,
"090085",,,
"090086",,,
"090094",,,
"090095",,,
"090096",,,
"090104",,,
"090105",,,
"090106",,,
"090114",,,
"090115",,,
"090116",,,
"090124",,,
"090125",,,
"090126",,,
"090134",,,
"090135",,,
"090136",,,
"090144",,,
"090145",,,
"090154",,,
"090155",,,
"090164",,,
"090165",,,
"090174",,,
"090175",,,
"090184",,,
"090185",,,
"090194",,,
"090195",,,
"090204",,,
"090205",,,
"090214",,,
"090215",,,
"090224",,,
"090225",,,
"090234",,,
"090235",,,
"090244",,,
"090245",,,
"090254",,,
"090255",,,
"090264",,,
"090265",,,
"091014",,,
"091015",,,
"091016",,,
"091024",,,
"091025",,,
"091026",,,
"091034",,,
"091035",,,
"091036",,,
"091044",,,
"091045",,,
"091046",,,
"091054",,,
"091055",,,
"091056",,,
"091064",,,
"091065",,,
"091066",,,
"091074",,,
"091075",,,
"091076",,,
"091084",,,
"091085",,,
"091086",,,
"091094",,,
"091095",,,
"091096",,,
"091104",,,
"091105",,,
"091106",,,
"091114",,,
"091115",,,
"091116",,,
"091124",,,
"091125",,,
"091126",,,
"091134",,,
"091135",,,
"091136",,,
"091144",,,
"091145",,,
"091154",,,
"091155",,,
"091164",,,
"091165",,,
"091174",,,
"091175",,,
"091184",,,
"091185",,,
"091194",,,
"091195",,,
"091204",,,
"091205",,,
"091214",,,
"091215",,,
"091224",,,
"091225",,,
"091234",,,
"091235",,,
"091244",,,
"091245",,,
"091254",,,
"091255",,,
"092014",,,
"092015",,,
"092016",,,
"092024",,,
"092025",,,
"092026",,,
"092034",,,
"092035",,,
"092036",,,
"092044",,,
"092045",,,
"092046",,,
"092054",,,
"092055",,,
"092056",,,
"092064",,,
"092065",,,
"092066",,,
"092074",,,
"092075",,,
"092076",,,
"092084",,,
"092085",,,
"092086",,,
"092094",,,
"092095",,,
"092096",,,
"092104",,,
"092105",,,
"092106",,,
"092114",,,
"092115",,,
"092116",,,
"092124",,,
"092125",,,
"092126",,,
"092134",,,
"092135",,,
"092136",,,
"092144",,,
"092145",,,
"092154",,,
"092155",,,
"092164",,,
"092165",,,
"092174",,,
"092175",,,
"092184",,,
"092185",,,
"092194",,,
"092195",,,
"092204",,,
"092205",,,
"092214",,,
"092215",,,
"092224",,,
"092225",,,
"092234",,,
"092235",,,
"092244",,,
"092245",,,
"092254",,,
"092255",,,
"093014",,,
"093015",,,
"093016",,,
"093024",,,
"093025",,,
"093026",,,
"093034",,,
"093035",,,
"093036",,,
"093044",,,
"093045",,,
"093046",,,
"093054",,,
"093055",,,
"093056",,,
"093064",,,
"093065",,,
"093066",,,
"093074",,,
"093075",,,
"093076",,,
"093084",,,
"093085",,,
"093086",,,
"093094",,,
"093095",,,
"093096",,,
"093104",,,
"093105",,,
"093106",,,
"093114",,,
"093115",,,
"093116",,,
"093124",,,
"093125",,,
"093126",,,
"093134",,,
"093135",,,
"093136",,,
"093144",,,
"093145",,,
"093154",,,
"093155",,,
"093164",,,
"093165",,,
"093174",,,
"093175",,,
"093184",,,
"093185",,,
"093194",,,
"093195",,,
"093204",,,
"093205",,,
"093214",,,
"093215",,,
"093224",,,
"093225",,,
"093234",,,
"093235",,,
"093244",,,
"093245",,,
"093254",,,
"093255",,,
"094014",,,
"094015",,,
"094016",,,
"094024",,,
"094025",,,
"094026",,,
"094034",,,
"094035",,,
"094036",,,
"094044",,,
"094045",,,
"094046",,,
"094054",,,
"094055",,,
"094056",,,
"094064",,,
"094065",,,
"094066",,,
"094074",,,
"094075",,,
"094076",,,
"094084",,,
"094085",,,
"094086",,,
"094094",,,
"094095",,,
"094096",,,
"094104",,,
"094105",,,
"094106",,,
"094114",,,
"094115",,,
"094116",,,
"094124",,,
"094125",,,
"094126",,,
"094134",,,
"094135",,,
"094136",,,
"094144",,,
"094145",,,
"094154",,,
"094155",,,
"094164",,,
"094165",,,
"094174",,,
"094175",,,
"094184",,,
"094185",,,
"094194",,,
"094195",,,
"094204",,,
"094205",,,
"094214",,,
"094215",,,
"094224",,,
"094225",,,
"094234",,,
"094235",,,
"094244",,,
"094245",,,
"094254",,,
"094255",,,
"095014",,,
"095015",,,
"095016",,,
"095024",,,
"095025",,,
"095026",,,
"095034",,,
"095035",,,
"095036",,,
"095044",,,
"095045",,,
"095046",,,
"095054",,,
"095055",,,
"095056",,,
"095064",,,
"095065",,,
"095066",,,
"095074",,,
"095075",,,
"095076",,,
"095084",,,
"095085",,,
"095086",,,
"095094",,,
"095095",,,
"095096",,,
"095104",,,
"095105",,,
"095106",,,
"095114",,,
"095115",,,
"095116",,,
"095124",,,
"095125",,,
"095126",,,
"095134",,,
"095135",,,
"095136",,,
"095144",,,
"095145",,,
"095154",,,
"095155",,,
"095164",,,
"095165",,,
"095174",,,
"095175",,,
"095184",,,
"095185",,,
"095194",,,
"095195",,,
"095204",,,
"095205",,,
"095214",,,
"095215",,,
"095224",,,
"095225",,,
"095234",,,
"095235",,,
"095244",,,
"095245",,,
"095254",,,
"095255",,,
"096014",,,
"096015",,,
"096016",,,
"096024",,,
"096025",,,
"096026",,,
"096034",,,
"096035",,,
"096036",,,
"096044",,,
"096045",,,
"096046",,,
"096054",,,
"096055",,,
"096056",,,
"096064",,,
"096065",,,
"096066",,,
"096074",,,
"096075",,,
"096076",,,
"096084",,,
"096085",,,
"096086",,,
"096094",,,
"096095",,,
"096096",,,
"096104",,,
"096105",,,
"096106",,,
"096114",,,
"096115",,,
"096116",,,
"096124",,,
"096125",,,
"096126",,,
"096134",,,
"096135",,,
"096136",,,
"096144",,,
"096145",,,
"096154",,,
"096155",,,
"096164",,,
"096165",,,
"096174",,,
"096175",,,
"096184",,,
"096185",,,
"096194",,,
"096195",,,
"096204",,,
"096205",,,
"096214",,,
"096215",,,
"096224",,,
"096225",,,
"096234",,,
"096235",,,
"096244",,,
"096245",,,
"096254",,,
"096255",,,
"097014",,,
"097015",,,
"097016",,,
"097024",,,
"097025",,,
"097026",,,
"097034",,,
"097035",,,
"097036",,,
"097044",,,
"097045",,,
"097046",,,
"097054",,,
"097055",,,
"097056",,,
"097064",,,
"097065",,,
"097066",,,
"097074",,,
"097075",,,
"097076",,,
"097084",,,
"097085",,,
"097086",,,
"097094",,,
"097095",,,
"097096",,,
"097104",,,
"097105",,,
"097106",,,
"097114",,,
"097115",,,
"097116",,,
"097124",,,
"097125",,,
"097126",,,
"097134",,,
"097135",,,
"097136",,,
"097144",,,
"097145",,,
"097154",,,
"097155",,,
"097164",,,
"097165",,,
"097174",,,
"097175",,,
"097184",,,
"097185",,,
"097194",,,
"097195",,,
"097204",,,
"097205",,,
"097214",,,
"097215",,,
"097224",,,
"097225",,,
"097234",,,
"097235",,,
"097244",,,
"097245",,,
"097254",,,
"097255",,,
"098014",,,
"098015",,,
"098016",,,
"098024",,,
"098025",,,
"098026",,,
"098034",,,
"098035",,,
"098036",,,
"098044",,,
"098045",,,
"098046",,,
"098054",,,
"098055",,,
"098056",,,
"098064",,,
"098065",,,
"098066",,,
"098074",,,
"098075",,,
"098076",,,
"098084",,,
"098085",,,
"098086",,,
"098094",,,
"098095",,,
"098096",,,
"098104",,,
"098105",,,
"098106",,,
"098114",,,
"098115",,,
"098116",,,
"098124",,,
"098125",,,
"098126",,,
"098134",,,
"098135",,,
"098136",,,
"098144",,,
"098145",,,
"098154",,,
"098155",,,
"098164",,,
"098165",,,
"098174",,,
"098175",,,
"098184",,,
"098185",,,
"098194",,,
"098195",,,
"098204",,,
"098205",,,
"098214",,,
"098215",,,
"098224",,,
"098225",,,
"098234",,,
"098235",,,
"098244",,,
"098245",,,
"098254",,,
"098255",,,
"099014",,,
"099015",,,
"099016",,,
"099024",,,
"099025",,,
"099026",,,
"099034",,,
"099035",,,
"099036",,,
"099044",,,
"099045",,,
"099046",,,
"099054",,,
"099055",,,
"099056",,,
"099064",,,
"099065",,,
"099066",,,
"099074",,,
"099075",,,
"099076",,,
"099084",,,
"099085",,,
"099086",,,
"099094",,,
"099095",,,
"099096",,,
"099104",,,
"099105",,,
"099106",,,
"099114",,,
"099115",,,
"099116",,,
"099124",,,
"099125",,,
"099126",,,
"099134",,,
"099135",,,
"099136",,,
"099144",,,
"099145",,,
"099154",,,
"099155",,,
"099164",,,
"099165",,,
"099174",,,
"099175",,,
"099184",,,
"099185",,,
"099194",,,
"099195",,,
"099204",,,
"099205",,,
"099214",,,
"099215",,,
"099224",,,
"099225",,,
"099234",,,
"099235",,,
"099244",,,
"099245",,,
"099254",,,
"099255",,,
"100014",,,
"100015",,,
"100016",,,
"100024",,,
"100025",,,
"100026",,,
"100034",,,
"100035",,,
"100036",,,
"100044",,,
"100045",,,
"100046",,,
"100054",,,
"100055",,,
"100056",,,
"100064",,,
"100065",,,
"100066",,,
"100074",,,
"100075",,,
"100076",,,
"100084",,,
"100085",,,
"100086",,,
"100094",,,
"100095",,,
"100096",,,
"100104",,,
"100105",,,
"100106",,,
"100114",,,
"100115",,,
"100116",,,
"100124",,,
"100125",,,
"100126",,,
"100134",,,
"100135",,,
"100136",,,
"100144",,,
"100145",,,
"100154",,,
"100155",,,
"100164",,,
"100165",,,
"100174",,,
"100175",,,
"100184",,,
"100185",,,
"100194",,,
"100195",,,
"100204",,,
"100205",,,
"100214",,,
"100215",,,
"100224",,,
"100225",,,
"100234",,,
"100235",,,
"100244",,,
"100245",,,
"100254",,,
"100255",,,
"101014",,,
"101015",,,
"101016",,,
"101024",,,
"101025",,,
"101026",,,
"101034",,,
"101035",,,
"101036",,,
"101044",,,
"101045",,,
"101046",,,
"101054",,,
"101055",,,
"101056",,,
"101064",,,
"101065",,,
"101066",,,
"101074",,,
"101075",,,
"101076",,,
"101084",,,
"101085",,,
"101086",,,
"101094",,,
"101095",,,
"101096",,,
"101104",,,
"101105",,,
"101106",,,
"101114",,,
"101115",,,
"101116",,,
"101124",,,
"101125",,,
"101126",,,
"101134",,,
"101135",,,
"101136",,,
"101144",,,
"101145",,,
"101154",,,
"101155",,,
"101164",,,
"101165",,,
"101174",,,
"101175",,,
"101184",,,
"101185",,,
"101194",,,
"101195",,,
"101204",,,
"101205",,,
"101214",,,
"101215",,,
"101224",,,
"101225",,,
"101234",,,
"101235",,,
"101244",,,
"101245",,,
"101254",,,
"101255",,,
"102014",,,
"102015",,,
"102016",,,
"102024",,,
"102025",,,
"102026",,,
"102034",,,
"102035",,,
"102036",,,
"102044",,,
"102045",,,
"102046",,,
"102054",,,
"102055",,,
"102056",,,
"102064",,,
"102065",,,
"102066",,,
"102074",,,
"102075",,,
"102076",,,
"102084",,,
"102085",,,
"102086",,,
"102094",,,
"102095",,,
"102096",,,
"102104",,,
"102105",,,
"102106",,,
"102114",,,
"102115",,,
"102116",,,
"102124",,,
"102125",,,
"102126",,,
"102134",,,
"102135",,,
"102136",,,
"102144",,,
"102145",,,
"102154",,,
"102155",,,
"102164",,,
"102165",,,
"102174",,,
"102175",,,
"102184",,,
"102185",,,
"102194",,,
"102195",,,
"102204",,,
"102205",,,
"102214",,,
"102215",,,
"102224",,,
"102225",,,
"102234",,,
"102235",,,
"102244",,,
"102245",,,
"102254",,,
"102255",,,
"103014",,,
"103015",,,
"103016",,,
"103024",,,
"103025",,,
"103026",,,
"103034",,,
"103035",,,
"103036",,,
"103044",,,
"103045",,,
"103046",,,
"103054",,,
"103055",,,
"103056",,,
"103064",,,
"103065",,,
"103066",,,
"103074",,,
"103075",,,
"103076",,,
"103084",,,
"103085",,,
"103086",,,
"103094",,,
"103095",,,
"103096",,,
"103104",,,
"103105",,,
"103106",,,
"103114",,,
"103115",,,
"103116",,,
"103124",,,
"103125",,,
"103126",,,
"103134",,,
"103135",,,
"103136",,,
"103144",,,
"103145",,,
"103154",,,
"103155",,,
"103164",,,
"103165",,,
"103174",,,
"103175",,,
"103184",,,
"103185",,,
"103194",,,
"103195",,,
"103204",,,
"103205",,,
"103214",,,
"103215",,,
"103224",,,
"103225",,,
"103234",,,
"103235",,,
"103244",,,
"103245",,,
"103254",,,
"103255",,,
"104014",,,
"104015",,,
"104016",,,
"104024",,,
"104025",,,
"104026",,,
"104034",,,
"104035",,,
"104036",,,
"104044",,,
"104045",,,
"104046",,,
"104054",,,
"104055",,,
"104056",,,
"104064",,,
"104065",,,
"104066",,,
"104074",,,
"104075",,,
"104076",,,
"104084",,,
"104085",,,
"104086",,,
"104094",,,
"104095",,,
"104096",,,
"104104",,,
"104105",,,
"104106",,,
"104114",,,
"104115",,,
"104116",,,
"104124",,,
"104125",,,
"104126",,,
"104134",,,
"104135",,,
"104136",,,
"104144",,,
"104145",,,
"104154",,,
"104155",,,
"104164",,,
"104165",,,
"104174",,,
"104175",,,
"104184",,,
"104185",,,
"104194",,,
"104195",,,
"104204",,,
"104205",,,
"104214",,,
"104215",,,
"104224",,,
"104225",,,
"104234",,,
"104235",,,
"104244",,,
"104245",,,
"104254",,,
"104255",,,
"105014",,,
"105015",,,
"105016",,,
"105024",,,
"105025",,,
"105026",,,
"105034",,,
"105035",,,
"105036",,,
"105044",,,
"105045",,,
"105046",,,
"105054",,,
"105055",,,
"105056",,,
"105064",,,
"105065",,,
"105066",,,
"105074",,,
"105075",,,
"105076",,,
"105084",,,
"105085",,,
"105086",,,
"105094",,,
"105095",,,
"105096",,,
"105104",,,
"105105",,,
"105106",,,
"105114",,,
"105115",,,
"105116",,,
"105124",,,
"105125",,,
"105126",,,
"105134",,,
"105135",,,
"105136",,,
"105144",,,
"105145",,,
"105154",,,
"105155",,,
"105164",,,
"105165",,,
"105174",,,
"105175",,,
"105184",,,
"105185",,,
"105194",,,
"105195",,,
"105204",,,
"105205",,,
"105214",,,
"105215",,,
"105224",,,
"105225",,,
"105234",,,
"105235",,,
"105244",,,
"105245",,,
"105254",,,
"105255",,,
"106014",,,
"106015",,,
"106016",,,
"106024",,,
"106025",,,
"106026",,,
"106034",,,
"106035",,,
"106036",,,
"106044",,,
"106045",,,
"106046",,,
"106054",,,
"106055",,,
"106056",,,
"106064",,,
"106065",,,
"106066",,,
"106074",,,
"106075",,,
"106076",,,
"106084",,,
"106085",,,
"106086",,,
"106094",,,
"106095",,,
"106096",,,
"106104",,,
"106105",,,
"106106",,,
"106114",,,
"106115",,,
"106116",,,
"106124",,,
"106125",,,
"106126",,,
"106134",,,
"106135",,,
"106136",,,
"106144",,,
"106145",,,
"106154",,,
"106155",,,
"106164",,,
"106165",,,
"106174",,,
"106175",,,
"106184",,,
"106185",,,
"106194",,,
"106195",,,
"106204",,,
"106205",,,
"106214",,,
"106215",,,
"106224",,,
"106225",,,
"106234",,,
"106235",,,
"106244",,,
"106245",,,
"106254",,,
"106255",,,
"107014",,,
"107015",,,
"107016",,,
"107024",,,
"107025",,,
"107026",,,
"107034",,,
"107035",,,
"107036",,,
"107044",,,
"107045",,,
"107046",,,
"107054",,,
"107055",,,
"107056",,,
"107064",,,
"107065",,,
"107066",,,
"107074",,,
"107075",,,
"107076",,,
"107084",,,
"107085",,,
"107086",,,
"107094",,,
"107095",,,
"107096",,,
"107104",,,
"107105",,,
"107106",,,
"107114",,,
"107115",,,
"107116",,,
"107124",,,
"107125",,,
"107126",,,
"107134",,,
"107135",,,
"107144",,,
"107145",,,
"107154",,,
"107155",,,
"107164",,,
"107165",,,
"107174",,,
"107175",,,
"107184",,,
"107185",,,
"107194",,,
"107195",,,
"107204",,,
"107205",,,
"107214",,,
"107215",,,
"107224",,,
"107225",,,
"107234",,,
"107235",,,
"107244",,,
"107245",,,
"108014",,,
"108015",,,
"108016",,,
"108024",,,
"108025",,,
"108026",,,
"108034",,,
"108035",,,
"108036",,,
"108044",,,
"108045",,,
"108046",,,
"108054",,,
"108055",,,
"108056",,,
"108064",,,
"108065",,,
"108066",,,
"108074",,,
"108075",,,
"108076",,,
"108084",,,
"108085",,,
"108086",,,
"108094",,,
"108095",,,
"108096",,,
"108104",,,
"108105",,,
"108106",,,
"108114",,,
"108115",,,
"108116",,,
"108124",,,
"108125",,,
"108126",,,
"108134",,,
"108135",,,
"108144",,,
"108145",,,
"108154",,,
"108155",,,
"108164",,,
"108165",,,
"108174",,,
"108175",,,
"108184",,,
"108185",,,
"108194",,,
"108195",,,
"108204",,,
"108205",,,
"108214",,,
"108215",,,
"108224",,,
"108225",,,
"108234",,,
"108235",,,
"108244",,,
"108245",,,
"109014",,,
"109015",,,
"109016",,,
"109024",,,
"109025",,,
"109026",,,
"109034",,,
"109035",,,
"109036",,,
"109044",,,
"109045",,,
"109046",,,
"109054",,,
"109055",,,
"109056",,,
"109064",,,
"109065",,,
"109066",,,
"109074",,,
"109075",,,
"109076",,,
"109084",,,
"109085",,,
"109086",,,
"109094",,,
"109095",,,
"109096",,,
"109104",,,
"109105",,,
"109106",,,
"109114",,,
"109115",,,
"109116",,,
"109124",,,
"109125",,,
"109126",,,
"109134",,,
"109135",,,
"109144",,,
"109145",,,
"109154",,,
"109155",,,
"109164",,,
"109165",,,
"109174",,,
"109175",,,
"109184",,,
"109185",,,
"109194",,,
"109195",,,
"109204",,,
"109205",,,
"109214",,,
"109215",,,
"109224",,,
"109225",,,
"109234",,,
"109235",,,
"109244",,,
"109245",,,
"110014",,,
"110015",,,
"110016",,,
"110024",,,
"110025",,,
"110026",,,
"110034",,,
"110035",,,
"110036",,,
"110044",,,
"110045",,,
"110046",,,
"110054",,,
"110055",,,
"110056",,,
"110064",,,
"110065",,,
"110066",,,
"110074",,,
"110075",,,
"110076",,,
"110084",,,
"110085",,,
"110086",,,
"110094",,,
"110095",,,
"110096",,,
"110104",,,
"110105",,,
"110106",,,
"110114",,,
"110115",,,
"110116",,,
"110124",,,
"110125",,,
"110126",,,
"110134",,,
"110135",,,
"110144",,,
"110145",,,
"110154",,,
"110155",,,
"110164",,,
"110165",,,
"110174",,,
"110175",,,
"110184",,,
"110185",,,
"110194",,,
"110195",,,
"110204",,,
"110205",,,
"110214",,,
"110215",,,
"110224",,,
"110225",,,
"110234",,,
"110235",,,
"110244",,,
"110245",,,
"111014",,,
"111015",,,
"111016",,,
"111024",,,
"111025",,,
"111026",,,
"111034",,,
"111035",,,
"111036",,,
"111044",,,
"111045",,,
"111046",,,
"111054",,,
"111055",,,
"111056",,,
"111064",,,
"111065",,,
"111066",,,
"111074",,,
"111075",,,
"111076",,,
"111084",,,
"111085",,,
"111086",,,
"111094",,,
"111095",,,
"111096",,,
"111104",,,
"111105",,,
"111106",,,
"111114",,,
"111115",,,
"111116",,,
"111124",,,
"111125",,,
"111126",,,
"111134",,,
"111135",,,
"111144",,,
"111145",,,
"111154",,,
"111155",,,
"111164",,,
"111165",,,
"111174",,,
"111175",,,
"111184",,,
"111185",,,
"111194",,,
"111195",,,
"111204",,,
"111205",,,
"111214",,,
"111215",,,
"111224",,,
"111225",,,
"111234",,,
"111235",,,
"111244",,,
"111245",,,
"112014",,,
"112015",,,
"112016",,,
"112024",,,
"112025",,,
"112026",,,
"112034",,,
"112035",,,
"112036",,,
"112044",,,
"112045",,,
"112046",,,
"112054",,,
"112055",,,
"112056",,,
"112064",,,
"112065",,,
"112066",,,
"112074",,,
"112075",,,
"112076",,,
"112084",,,
"112085",,,
"112086",,,
"112094",,,
"112095",,,
"112096",,,
"112104",,,
"112105",,,
"112106",,,
"112114",,,
"112115",,,
"112116",,,
"112124",,,
"112125",,,
"112126",,,
"112134",,,
"112135",,,
"112144",,,
"112145",,,
"112154",,,
"112155",,,
"112164",,,
"112165",,,
"112174",,,
"112175",,,
"112184",,,
"112185",,,
"112194",,,
"112195",,,
"112204",,,
"112205",,,
"112214",,,
"112215",,,
"112224",,,
"112225",,,
"112234",,,
"112235",,,
"112244",,,
"112245",,,
"113014",,,
"113015",,,
"113016",,,
"113024",,,
"113025",,,
"113026",,,
"113034",,,
"113035",,,
"113036",,,
"113044",,,
"113045",,,
"113046",,,
"113054",,,
"113055",,,
"113056",,,
"113064",,,
"113065",,,
"113066",,,
"113074",,,
"113075",,,
"113076",,,
"113084",,,
"113085",,,
"113086",,,
"113094",,,
"113095",,,
"113096",,,
"113104",,,
"113105",,,
"113106",,,
"113114",,,
"113115",,,
"113116",,,
"113124",,,
"113125",,,
"113126",,,
"113134",,,
"113135",,,
"113144",,,
"113145",,,
"113154",,,
"113155",,,
"113164",,,
"113165",,,
"113174",,,
"113175",,,
"113184",,,
"113185",,,
"113194",,,
"113195",,,
"113204",,,
"113205",,,
"113214",,,
"113215",,,
"113224",,,
"113225",,,
"113234",,,
"113235",,,
"113244",,,
"113245",,,
"114014",,,
"114015",,,
"114016",,,
"114024",,,
"114025",,,
"114026",,,
"114034",,,
"114035",,,
"114036",,,
"114044",,,
"114045",,,
"114046",,,
"114054",,,
"114055",,,
"114056",,,
"114064",,,
"114065",,,
"114066",,,
"114074",,,
"114075",,,
"114076",,,
"114084",,,
"114085",,,
"114086",,,
"114094",,,
"114095",,,
"114096",,,
"114104",,,
"114105",,,
"114106",,,
"114114",,,
"114115",,,
"114116",,,
"114124",,,
"114125",,,
"114126",,,
"114134",,,
"114135",,,
"114144",,,
"114145",,,
"114154",,,
"114155",,,
"114164",,,
"114165",,,
"114174",,,
"114175",,,
"114184",,,
"114185",,,
"114194",,,
"114195",,,
"114204",,,
"114205",,,
"114214",,,
"114215",,,
"114224",,,
"114225",,,
"114234",,,
"114235",,,
"114244",,,
"114245",,,
"115014",,,
"115015",,,
"115016",,,
"115024",,,
"115025",,,
"115026",,,
"115034",,,
"115035",,,
"115036",,,
"115044",,,
"115045",,,
"115046",,,
"115054",,,
"115055",,,
"115056",,,
"115064",,,
"115065",,,
"115066",,,
"115074",,,
"115075",,,
"115076",,,
"115084",,,
"115085",,,
"115086",,,
"115094",,,
"115095",,,
"115096",,,
"115104",,,
"115105",,,
"115106",,,
"115114",,,
"115115",,,
"115116",,,
"115124",,,
"115125",,,
"115126",,,
"115134",,,
"115135",,,
"115144",,,
"115145",,,
"115154",,,
"115155",,,
"115164",,,
"115165",,,
"115174",,,
"115175",,,
"115184",,,
"115185",,,
"115194",,,
"115195",,,
"115204",,,
"115205",,,
"115214",,,
"115215",,,
"115224",,,
"115225",,,
"115234",,,
"115235",,,
"115244",,,
"115245",,,
"116014",,,
"116015",,,
"116016",,,
"116024",,,
"116025",,,
"116026",,,
"116034",,,
"116035",,,
"116036",,,
"116044",,,
"116045",,,
"116046",,,
"116054",,,
"116055",,,
"116056",,,
"116064",,,
"116065",,,
"116066",,,
"116074",,,
"116075",,,
"116076",,,
"116084",,,
"116085",,,
"116086",,,
"116094",,,
"116095",,,
"116096",,,
"116104",,,
"116105",,,
"116106",,,
"116114",,,
"116115",,,
"116116",,,
"116124",,,
"116125",,,
"116126",,,
"116134",,,
"116135",,,
"116144",,,
"116145",,,
"116154",,,
"116155",,,
"116164",,,
"116165",,,
"116174",,,
"116175",,,
"116184",,,
"116185",,,
"116194",,,
"116195",,,
"116204",,,
"116205",,,
"116214",,,
"116215",,,
"116224",,,
"116225",,,
"116234",,,
"116235",,,
"116244",,,
"116245",,,
"117014",,,
"117015",,,
"117016",,,
"117024",,,
"117025",,,
"117026",,,
"117034",,,
"117035",,,
"117036",,,
"117044",,,
"117045",,,
"117046",,,
"117054",,,
"117055",,,
"117056",,,
"117064",,,
"117065",,,
"117066",,,
"117074",,,
"117075",,,
"117076",,,
"117084",,,
"117085",,,
"117086",,,
"117094",,,
"117095",,,
"117096",,,
"117104",,,
"117105",,,
"117106",,,
"117114",,,
"117115",,,
"117116",,,
"117124",,,
"117125",,,
"117126",,,
"117134",,,
"117135",,,
"117144",,,
"117145",,,
"117154",,,
"117155",,,
"117164",,,
"117165",,,
"117174",,,
"117175",,,
"117184",,,
"117185",,,
"117194",,,
"117195",,,
"117204",,,
"117205",,,
"117214",,,
"117215",,,
"117224",,,
"117225",,,
"117234",,,
"117235",,,
"117244",,,
"117245",,,
"118014",,,
"118015",,,
"118016",,,
"118024",,,
"118025",,,
"118026",,,
"118034",,,
"118035",,,
"118036",,,
"118044",,,
"118045",,,
"118046",,,
"118054",,,
"118055",,,
"118056",,,
"118064",,,
"118065",,,
"118066",,,
"118074",,,
"118075",,,
"118076",,,
"118084",,,
"118085",,,
"118086",,,
"118094",,,
"118095",,,
"118096",,,
"118104",,,
"118105",,,
"118106",,,
"118114",,,
"118115",,,
"118116",,,
"118124",,,
"118125",,,
"118126",,,
"118134",,,
"118135",,,
"118144",,,
"118145",,,
"118154",,,
"118155",,,
"118164",,,
"118165",,,
"118174",,,
"118175",,,
"118184",,,
"118185",,,
"118194",,,
"118195",,,
"118204",,,
"118205",,,
"118214",,,
"118215",,,
"118224",,,
"118225",,,
"118234",,,
"118235",,,
"118244",,,
"118245",,,
"119014",,,
"119015",,,
"119016",,,
"119024",,,
"119025",,,
"119026",,,
"119034",,,
"119035",,,
"119036",,,
"119044",,,
"119045",,,
"119046",,,
"119054",,,
"119055",,,
"119056",,,
"119064",,,
"119065",,,
"119066",,,
"119074",,,
"119075",,,
"119076",,,
"119084",,,
"119085",,,
"119086",,,
"119094",,,
"119095",,,
"119096",,,
"119104",,,
"119105",,,
"119106",,,
"119114",,,
"119115",,,
"119116",,,
"119124",,,
"119125",,,
"119126",,,
"119134",,,
"119135",,,
"119144",,,
"119145",,,
"119154",,,
"119155",,,
"119164",,,
"119165",,,
"119174",,,
"119175",,,
"119184",,,
"119185",,,
"119194",,,
"119195",,,
"119204",,,
"119205",,,
"119214",,,
"119215",,,
"119224",,,
"119225",,,
"119234",,,
"119235",,,
"119244",,,
"119245",,,
"120014",,,
"120015",,,
"120016",,,
"120024",,,
"120025",,,
"120026",,,
"120034",,,
"120035",,,
"120036",,,
"120044",,,
"120045",,,
"120046",,,
"120054",,,
"120055",,,
"120056",,,
"120064",,,
"120065",,,
"120066",,,
"120074",,,
"120075",,,
"120076",,,
"120084",,,
"120085",,,
"120086",,,
"120094",,,
"120095",,,
"120096",,,
"120104",,,
"120105",,,
"120106",,,
"120114",,,
"120115",,,
"120116",,,
"120124",,,
"120125",,,
"120126",,,
"120134",,,
"120135",,,
"120144",,,
"120145",,,
"120154",,,
"120155",,,
"120164",,,
"120165",,,
"120174",,,
"120175",,,
"120184",,,
"120185",,,
"120194",,,
"120195",,,
"120204",,,
"120205",,,
"120214",,,
"120215",,,
"120224",,,
"120225",,,
"120234",,,
"120235",,,
"120244",,,
"120245",,,
"121014",,,
"121015",,,
"121016",,,
"121024",,,
"121025",,,
"121026",,,
"121034",,,
"121035",,,
"121036",,,
"121044",,,
"121045",,,
"121046",,,
"121054",,,
"121055",,,
"121056",,,
"121064",,,
"121065",,,
"121066",,,
"121074",,,
"121075",,,
"121076",,,
"121084",,,
"121085",,,
"121086",,,
"121094",,,
"121095",,,
"121096",,,
"121104",,,
"121105",,,
"121106",,,
"121114",,,
"121115",,,
"121116",,,
"121124",,,
"121125",,,
"121126",,,
"121134",,,
"121135",,,
"121144",,,
"121145",,,
"121154",,,
"121155",,,
"121164",,,
"121165",,,
"121174",,,
"121175",,,
"121184",,,
"121185",,,
"121194",,,
"121195",,,
"121204",,,
"121205",,,
"121214",,,
"121215",,,
"121224",,,
"121225",,,
"121234",,,
"121235",,,
"121244",,,
"121245",,,
"122014",,,
"122015",,,
"122016",,,
"122024",,,
"122025",,,
"122026",,,
"122034",,,
"122035",,,
"122036",,,
"122044",,,
"122045",,,
"122046",,,
"122054",,,
"122055",,,
"122056",,,
"122064",,,
"122065",,,
"122066",,,
"122074",,,
"122075",,,
"122076",,,
"122084",,,
"122085",,,
"122086",,,
"122094",,,
"122095",,,
"122096",,,
"122104",,,
"122105",,,
"122106",,,
"122114",,,
"122115",,,
"122116",,,
"122124",,,
"122125",,,
"122126",,,
"122134",,,
"122135",,,
"122144",,,
"122145",,,
"122154",,,
"122155",,,
"122164",,,
"122165",,,
"122174",,,
"122175",,,
"122184",,,
"122185",,,
"122194",,,
"122195",,,
"122204",,,
"122205",,,
"122214",,,
"122215",,,
"122224",,,
"122225",,,
"122234",,,
"122235",,,
"122244",,,
"122245",,,
"123014",,,
"123015",,,
"123016",,,
"123024",,,
"123025",,,
"123026",,,
"123034",,,
"123035",,,
"123036",,,
"123044",,,
"123045",,,
"123046",,,
"123054",,,
"123055",,,
"123056",,,
"123064",,,
"123065",,,
"123066",,,
"123074",,,
"123075",,,
"123076",,,
"123084",,,
"123085",,,
"123086",,,
"123094",,,
"123095",,,
"123096",,,
"123104",,,
"123105",,,
"123106",,,
"123114",,,
"123115",,,
"123116",,,
"123124",,,
"123125",,,
"123126",,,
"123134",,,
"123135",,,
"123144",,,
"123145",,,
"123154",,,
"123155",,,
"123164",,,
"123165",,,
"123174",,,
"123175",,,
"123184",,,
"123185",,,
"123194",,,
"123195",,,
"123204",,,
"123205",,,
"123214",,,
"123215",,,
"123224",,,
"123225",,,
"123234",,,
"123235",,,
"124014",,,
"124015",,,
"124016",,,
"124024",,,
"124025",,,
"124026",,,
"124034",,,
"124035",,,
"124036",,,
"124044",,,
"124045",,,
"124046",,,
"124054",,,
"124055",,,
"124056",,,
"124064",,,
"124065",,,
"124066",,,
"124074",,,
"124075",,,
"124076",,,
"124084",,,
"124085",,,
"124086",,,
"124094",,,
"124095",,,
"124096",,,
"124104",,,
"124105",,,
"124106",,,
"124114",,,
"124115",,,
"124116",,,
"124124",,,
"124125",,,
"124126",,,
"124134",,,
"124135",,,
"124144",,,
"124145",,,
"124154",,,
"124155",,,
"124164",,,
"124165",,,
"124174",,,
"124175",,,
"124184",,,
"124185",,,
"124194",,,
"124195",,,
"124204",,,
"124205",,,
"124214",,,
"124215",,,
"124224",,,
"124225",,,
"124234",,,
"124235",,,
"125014",,,
"125015",,,
"125016",,,
"125024",,,
"125025",,,
"125026",,,
"125034",,,
"125035",,,
"125036",,,
"125044",,,
"125045",,,
"125046",,,
"125054",,,
"125055",,,
"125056",,,
"125064",,,
"125065",,,
"125066",,,
"125074",,,
"125075",,,
"125076",,,
"125084",,,
"125085",,,
"125086",,,
"125094",,,
"125095",,,
"125096",,,
"125104",,,
"125105",,,
"125106",,,
"125114",,,
"125115",,,
"125116",,,
"125124",,,
"125125",,,
"125126",,,
"125134",,,
"125135",,,
"125144",,,
"125145",,,
"125154",,,
"125155",,,
"125164",,,
"125165",,,
"125174",,,
"125175",,,
"125184",,,
"125185",,,
"125194",,,
"125195",,,
"125204",,,
"125205",,,
"125214",,,
"125215",,,
"125224",,,
"125225",,,
"125234",,,
"125235",,,
"126014",,,
"126015",,,
"126016",,,
"126024",,,
"126025",,,
"126026",,,
"126034",,,
"126035",,,
"126036",,,
"126044",,,
"126045",,,
"126046",,,
"126054",,,
"126055",,,
"126056",,,
"126064",,,
"126065",,,
"126066",,,
"126074",,,
"126075",,,
"126076",,,
"126084",,,
"126085",,,
"126086",,,
"126094",,,
"126095",,,
"126096",,,
"126104",,,
"126105",,,
"126106",,,
"126114",,,
"126115",,,
"126116",,,
"126124",,,
"126125",,,
"126126",,,
"126134",,,
"126135",,,
"126144",,,
"126145",,,
"126154",,,
"126155",,,
"126164",,,
"126165",,,
"126174",,,
"126175",,,
"126184",,,
"126185",,,
"126194",,,
"126195",,,
"126204",,,
"126205",,,
"126214",,,
"126215",,,
"126224",,,
"126225",,,
"126234",,,
"126235",,,
"127014",,,
"127015",,,
"127016",,,
"127024",,,
"127025",,,
"127026",,,
"127034",,,
"127035",,,
"127036",,,
"127044",,,
"127045",,,
"127046",,,
"127054",,,
"127055",,,
"127056",,,
"127064",,,
"127065",,,
"127066",,,
"127074",,,
"127075",,,
"127076",,,
"127084",,,
"127085",,,
"127086",,,
"127094",,,
"127095",,,
"127096",,,
"127104",,,
"127105",,,
"127106",,,
"127114",,,
"127115",,,
"127116",,,
"127124",,,
"127125",,,
"127126",,,
"127134",,,
"127135",,,
"127144",,,
"127145",,,
"127154",,,
"127155",,,
"127164",,,
"127165",,,
"127174",,,
"127175",,,
"127184",,,
"127185",,,
"127194",,,
"127195",,,
"127204",,,
"127205",,,
"127214",,,
"127215",,,
"127224",,,
"127225",,,
"127234",,,
"127235",,,
